,modified_f4_0,modified_f4_1,modified_f4_2,modified_f4_3,modified_f4_4
0,34908.28528323675,23197.12753935195,30878.207615309955,25057.840221838083,23900.245453124982
1,34908.28528323675,23197.12753935195,30878.207615309955,25057.840221838083,23900.245453124982
2,34908.28528323675,23197.12753935195,30878.207615309955,25057.840221838083,23900.245453124982
3,34908.28528323675,23197.12753935195,30878.207615309955,25057.840221838083,23900.245453124982
4,34908.28528323675,23197.12753935195,30878.207615309955,25057.840221838083,23900.245453124982
5,34908.28528323675,23197.12753935195,30878.207615309955,25057.840221838083,23900.245453124982
6,34908.28528323675,23197.12753935195,30878.207615309955,25057.840221838083,23900.245453124982
7,34908.28528323675,23197.12753935195,30878.207615309955,25057.840221838083,23900.245453124982
8,34908.28528323675,23197.12753935195,30878.207615309955,25057.840221838083,23900.245453124982
9,34908.28528323675,23197.12753935195,30878.207615309955,25057.840221838083,23900.245453124982
10,34908.28528323675,23197.12753935195,30878.207615309955,25057.840221838083,23900.245453124982
11,34908.28528323675,23197.12753935195,30878.207615309955,25057.840221838083,23900.245453124982
12,34908.28528323675,23197.12753935195,30878.207615309955,25057.840221838083,23900.245453124982
13,34908.28528323675,23197.12753935195,30878.207615309955,25057.840221838083,23900.245453124982
14,34908.28528323675,23197.12753935195,30878.207615309955,25057.840221838083,23900.245453124982
15,34908.28528323675,23197.12753935195,30878.207615309955,25057.840221838083,23900.245453124982
16,34908.28528323675,23197.12753935195,30878.207615309955,25057.840221838083,23900.245453124982
17,34908.28528323675,23197.12753935195,30878.207615309955,25057.840221838083,23900.245453124982
18,34908.28528323675,23197.12753935195,30878.207615309955,25057.840221838083,23900.245453124982
19,34908.28528323675,23197.12753935195,30878.207615309955,25057.840221838083,23900.245453124982
20,34908.28528323675,23197.12753935195,30878.207615309955,25057.840221838083,23900.245453124982
21,34908.28528323675,23197.12753935195,30878.207615309955,25057.840221838083,23900.245453124982
22,34908.28528323675,23197.12753935195,30878.207615309955,25057.840221838083,23900.245453124982
23,34908.28528323675,23197.12753935195,30878.207615309955,25057.840221838083,23900.245453124982
24,34908.28528323675,23197.12753935195,30878.207615309955,25057.840221838083,23900.245453124982
25,34908.28528323675,23197.12753935195,30878.207615309955,25057.840221838083,23900.245453124982
26,34908.28528323675,23197.12753935195,30878.207615309955,25057.840221838083,23900.245453124982
27,34908.28528323675,23197.12753935195,30878.207615309955,25057.840221838083,23900.245453124982
28,34908.28528323675,23197.12753935195,30878.207615309955,25057.840221838083,23900.245453124982
29,34908.28528323675,23197.12753935195,30878.207615309955,25057.840221838083,23900.245453124982
30,34908.28528323675,23197.12753935195,30878.207615309955,25057.840221838083,23900.245453124982
31,34908.28528323675,23197.12753935195,30878.207615309955,25057.840221838083,23900.245453124982
32,34908.28528323675,23197.12753935195,30878.207615309955,25057.840221838083,23900.245453124982
33,34908.28528323675,23197.12753935195,30878.207615309955,25057.840221838083,23900.245453124982
34,34908.28528323675,23197.12753935195,30878.207615309955,25057.840221838083,23900.245453124982
35,34908.28528323675,23197.12753935195,30878.207615309955,25057.840221838083,23900.245453124982
36,34908.28528323675,23197.12753935195,30878.207615309955,25057.840221838083,23900.245453124982
37,34908.28528323675,23197.12753935195,30878.207615309955,25057.840221838083,23900.245453124982
38,34908.28528323675,23197.12753935195,30878.207615309955,25057.840221838083,23900.245453124982
39,34908.28528323675,23197.12753935195,30878.207615309955,25057.840221838083,23900.245453124982
40,34908.28528323675,23197.12753935195,30878.207615309955,25057.840221838083,23900.245453124982
41,34908.28528323675,23197.12753935195,30878.207615309955,25057.840221838083,23900.245453124982
42,34908.28528323675,23197.12753935195,30878.207615309955,25057.840221838083,23900.245453124982
43,34908.28528323675,23197.12753935195,30878.207615309955,25057.840221838083,23900.245453124982
44,34908.28528323675,23197.12753935195,30878.207615309955,25057.840221838083,23900.245453124982
45,34908.28528323675,23197.12753935195,30878.207615309955,25057.840221838083,23900.245453124982
46,34908.28528323675,23197.12753935195,30878.207615309955,25057.840221838083,23900.245453124982
47,34908.28528323675,23197.12753935195,30878.207615309955,25057.840221838083,23900.245453124982
48,34908.28528323675,23197.12753935195,30878.207615309955,25057.840221838083,23900.245453124982
49,34908.28528323675,23197.12753935195,30878.207615309955,25057.840221838083,23900.245453124982
50,34908.28528323675,23197.12753935195,30878.207615309955,25057.840221838083,23900.245453124982
51,34908.28528323675,23197.12753935195,30878.207615309955,25057.840221838083,23900.245453124982
52,34908.28528323675,23197.12753935195,30878.207615309955,25057.840221838083,23900.245453124982
53,34419.17666119935,23197.12753935195,30878.207615309955,25057.840221838083,23900.245453124982
54,10668.027899322786,23197.12753935195,30878.207615309955,25057.840221838083,23900.245453124982
55,3229.4976633281676,23197.12753935195,30878.207615309955,25057.840221838083,23900.245453124982
56,1092.5913575166016,23197.12753935195,30878.207615309955,25057.840221838083,23900.245453124982
57,322.2595896665599,23197.12753935195,30878.207615309955,25057.840221838083,23900.245453124982
58,134.5233220784596,23197.12753935195,30878.207615309955,25057.840221838083,23900.245453124982
59,80.52409421780008,23197.12753935195,30878.207615309955,25057.840221838083,23900.245453124982
60,67.40662131208894,23197.12753935195,30878.207615309955,25057.840221838083,23900.245453124982
61,63.179334797893446,23197.12753935195,30878.207615309955,25057.840221838083,23900.245453124982
62,61.6544153107508,23197.12753935195,30878.207615309955,25057.840221838083,23900.245453124982
63,61.201659077405914,23197.12753935195,30878.207615309955,25057.840221838083,23900.245453124982
64,61.10106667801337,23197.12753935195,30878.207615309955,25057.840221838083,23900.245453124982
65,61.01723191403847,23197.12753935195,30878.207615309955,25057.840221838083,23900.245453124982
66,60.987974823720904,23197.12753935195,30878.207615309955,25057.840221838083,23900.245453124982
67,60.96310742589146,23197.12753935195,30878.207615309955,25057.840221838083,23900.245453124982
68,60.9564539472991,23197.12753935195,30878.207615309955,25057.840221838083,23900.245453124982
69,60.954588417974385,23197.12753935195,30878.207615309955,25057.840221838083,23900.245453124982
70,60.95362736633417,23197.12753935195,30878.207615309955,25057.840221838083,23900.245453124982
71,60.95324187397338,23197.12753935195,30878.207615309955,25057.840221838083,23900.245453124982
72,60.95285999082421,23197.12753935195,30878.207615309955,25057.840221838083,23900.245453124982
73,60.95266892269628,23197.12753935195,30878.207615309955,25057.840221838083,23900.245453124982
74,60.95257440962409,23197.12753935195,30878.207615309955,25057.840221838083,23900.245453124982
75,60.95249968888671,23197.12753935195,30878.207615309955,25057.840221838083,23900.245453124982
76,60.95247148910265,23197.12753935195,30878.207615309955,25057.840221838083,23900.245453124982
77,60.95246190569774,23197.12753935195,30878.207615309955,25057.840221838083,23900.245453124982
78,60.95245304840755,23197.12753935195,30878.207615309955,25057.840221838083,23900.245453124982
79,60.952451829615875,23197.12753935195,30878.207615309955,25057.840221838083,23900.245453124982
80,60.952451788707116,23197.12753935195,30878.207615309955,25057.840221838083,23900.245453124982
81,60.9524515027072,23197.12753935195,30878.207615309955,25057.840221838083,23900.245453124982
82,60.95245146847912,23197.12753935195,30878.207615309955,25057.840221838083,23900.245453124982
83,60.9524514449007,23197.12753935195,30878.207615309955,25057.840221838083,23900.245453124982
84,60.95245144009218,23197.12753935195,30878.207615309955,25057.840221838083,23900.245453124982
85,60.95245143413933,23197.12753935195,30878.207615309955,25057.840221838083,23900.245453124982
86,60.95245143179586,23197.12753935195,30878.207615309955,25057.840221838083,23900.245453124982
87,60.95245142978295,23197.12753935195,30878.207615309955,25057.840221838083,23900.245453124982
88,60.952451427946535,23197.12753935195,30878.207615309955,25057.840221838083,23900.245453124982
89,60.95245142718116,23197.12753935195,30878.207615309955,25057.840221838083,23900.245453124982
90,60.952451426454154,23197.12753935195,30878.207615309955,25057.840221838083,23900.245453124982
91,60.95245142616501,23197.12753935195,30878.207615309955,25057.840221838083,23900.245453124982
92,60.952451426002774,23197.12753935195,30878.207615309955,25057.840221838083,23900.245453124982
93,60.95245142591565,23197.12753935195,30878.207615309955,25057.840221838083,23900.245453124982
94,60.95245142586167,23197.12753935195,30878.207615309955,25057.840221838083,23900.245453124982
95,60.95245142583414,23197.12753935195,30878.207615309955,25057.840221838083,23900.245453124982
96,60.952451425818374,23197.12753935195,30878.207615309955,25057.840221838083,23900.245453124982
97,60.952451425808086,23197.12753935195,30878.207615309955,25057.840221838083,23900.245453124982
98,60.952451425804824,23197.12753935195,30878.207615309955,25057.840221838083,23900.245453124982
99,60.95245142580254,23197.12753935195,30878.207615309955,25057.840221838083,23900.245453124982
100,60.95245142580119,23197.12753935195,30878.207615309955,25057.840221838083,23900.245453124982
101,60.95245142580055,23197.12753935195,30878.207615309955,25057.840221838083,23900.245453124982
102,60.952451425800426,23197.12753935195,30878.207615309955,25057.840221838083,23900.245453124982
103,60.952451425800426,23197.12753935195,30878.207615309955,25057.840221838083,23900.245453124982
104,60.952451425800405,23197.12753935195,30878.207615309955,25057.840221838083,23900.245453124982
105,60.952451425800405,23197.12753935195,30878.207615309955,25057.840221838083,23900.245453124982
106,60.952451425800405,23197.12753935195,30878.207615309955,25057.840221838083,23900.245453124982
107,60.952451425800405,23197.12753935195,30878.207615309955,25057.840221838083,23900.245453124982
108,60.952451425800405,23197.12753935195,30878.207615309955,25057.840221838083,23900.245453124982
109,60.952451425800405,23197.12753935195,30878.207615309955,25057.840221838083,23900.245453124982
110,60.952451425800405,23197.12753935195,30878.207615309955,25057.840221838083,23900.245453124982
111,60.952451425800405,23197.12753935195,30878.207615309955,25057.840221838083,23900.245453124982
112,60.952451425800405,23197.12753935195,30878.207615309955,25057.840221838083,23900.245453124982
113,60.952451425800405,23197.12753935195,30878.207615309955,25057.840221838083,23900.245453124982
114,60.952451425800405,23197.12753935195,30878.207615309955,25057.840221838083,23900.245453124982
115,60.952451425800405,23197.12753935195,30878.207615309955,25057.840221838083,23900.245453124982
116,60.952451425800405,23197.12753935195,30878.207615309955,25057.840221838083,23900.245453124982
117,60.952451425800405,23197.12753935195,30878.207615309955,25057.840221838083,23900.245453124982
118,60.952451425800405,23197.12753935195,30878.207615309955,25057.840221838083,23900.245453124982
119,60.952451425800405,23197.12753935195,30878.207615309955,25057.840221838083,23900.245453124982
120,60.952451425800405,23197.12753935195,30878.207615309955,25057.840221838083,23900.245453124982
121,60.952451425800405,23197.12753935195,30878.207615309955,25057.840221838083,23900.245453124982
122,60.952451425800405,23197.12753935195,30878.207615309955,25057.840221838083,23900.245453124982
123,60.952451425800405,23197.12753935195,30878.207615309955,25057.840221838083,23900.245453124982
124,60.952451425800405,23197.12753935195,30878.207615309955,25057.840221838083,23900.245453124982
125,60.952451425800405,23197.12753935195,30878.207615309955,25057.840221838083,23900.245453124982
126,60.952451425800405,23197.12753935195,30878.207615309955,25057.840221838083,23900.245453124982
127,60.952451425800405,23197.12753935195,30878.207615309955,25057.840221838083,23900.245453124982
128,60.952451425800405,23197.12753935195,30878.207615309955,25057.840221838083,23900.245453124982
129,60.952451425800405,23197.12753935195,30878.207615309955,25057.840221838083,23900.245453124982
130,60.952451425800405,23197.12753935195,30878.207615309955,25057.840221838083,23900.245453124982
131,60.952451425800405,23197.12753935195,30878.207615309955,25057.840221838083,23900.245453124982
132,60.952451425800405,23197.12753935195,30878.207615309955,25057.840221838083,23900.245453124982
133,60.952451425800405,23197.12753935195,30878.207615309955,25057.840221838083,23900.245453124982
134,60.952451425800405,23197.12753935195,30878.207615309955,25057.840221838083,23900.245453124982
135,60.952451425800405,23197.12753935195,30878.207615309955,25057.840221838083,23900.245453124982
136,60.952451425800405,23197.12753935195,30878.207615309955,25057.840221838083,23900.245453124982
137,60.952451425800405,23197.12753935195,30878.207615309955,25057.840221838083,23900.245453124982
138,60.952451425800405,23197.12753935195,30878.207615309955,25057.840221838083,23900.245453124982
139,60.952451425800405,23197.12753935195,30878.207615309955,25057.840221838083,23900.245453124982
140,60.952451425800405,23197.12753935195,30878.207615309955,25057.840221838083,23900.245453124982
141,60.952451425800405,23197.12753935195,30878.207615309955,25057.840221838083,23900.245453124982
142,60.952451425800405,23197.12753935195,30878.207615309955,25057.840221838083,23900.245453124982
143,60.952451425800405,23197.12753935195,30878.207615309955,25057.840221838083,23900.245453124982
144,60.952451425800405,23197.12753935195,30878.207615309955,25057.840221838083,23900.245453124982
145,60.952451425800405,23197.12753935195,30878.207615309955,25057.840221838083,23900.245453124982
146,60.952451425800405,23197.12753935195,30878.207615309955,25057.840221838083,23900.245453124982
147,60.952451425800405,23197.12753935195,30878.207615309955,25057.840221838083,23900.245453124982
148,60.952451425800405,23197.12753935195,30878.207615309955,25057.840221838083,23900.245453124982
149,60.952451425800405,23197.12753935195,30878.207615309955,25057.840221838083,23900.245453124982
150,60.952451425800405,23197.12753935195,30878.207615309955,25057.840221838083,23900.245453124982
151,60.952451425800405,23197.12753935195,30878.207615309955,25057.840221838083,23900.245453124982
152,60.952451425800405,23197.12753935195,30878.207615309955,25057.840221838083,23900.245453124982
153,60.952451425800405,23197.12753935195,30878.207615309955,25057.840221838083,23900.245453124982
154,60.952451425800405,23197.12753935195,30878.207615309955,25057.840221838083,23900.245453124982
155,60.952451425800405,23197.12753935195,30878.207615309955,25057.840221838083,23900.245453124982
156,60.952451425800405,23197.12753935195,30878.207615309955,25057.840221838083,23900.245453124982
157,60.952451425800405,23197.12753935195,30878.207615309955,25057.840221838083,23900.245453124982
158,60.952451425800405,23197.12753935195,30878.207615309955,25057.840221838083,23900.245453124982
159,60.952451425800405,23197.12753935195,30878.207615309955,25057.840221838083,23900.245453124982
160,60.952451425800405,23197.12753935195,30878.207615309955,25057.840221838083,23900.245453124982
161,60.952451425800405,23197.12753935195,30878.207615309955,25057.840221838083,23900.245453124982
162,60.952451425800405,23197.12753935195,30878.207615309955,25057.840221838083,23900.245453124982
163,60.952451425800405,23197.12753935195,30878.207615309955,25057.840221838083,23900.245453124982
164,60.952451425800405,23197.12753935195,30878.207615309955,25057.840221838083,23900.245453124982
165,60.952451425800405,23197.12753935195,30878.207615309955,25057.840221838083,23900.245453124982
166,60.952451425800405,23197.12753935195,30878.207615309955,25057.840221838083,23900.245453124982
167,60.952451425800405,23197.12753935195,30878.207615309955,25057.840221838083,23900.245453124982
168,60.952451425800405,23197.12753935195,30878.207615309955,25057.840221838083,23900.245453124982
169,60.952451425800405,23197.12753935195,30878.207615309955,25057.840221838083,23900.245453124982
170,60.952451425800405,23197.12753935195,30878.207615309955,25057.840221838083,23900.245453124982
171,60.952451425800405,23197.12753935195,30878.207615309955,25057.840221838083,23900.245453124982
172,60.952451425800405,23197.12753935195,30878.207615309955,25057.840221838083,23900.245453124982
173,60.952451425800405,23197.12753935195,30878.207615309955,25057.840221838083,23900.245453124982
174,60.952451425800405,23197.12753935195,30878.207615309955,25057.840221838083,23900.245453124982
175,60.952451425800405,23197.12753935195,30878.207615309955,25057.840221838083,23900.245453124982
176,60.952451425800405,23197.12753935195,30878.207615309955,25057.840221838083,23900.245453124982
177,60.952451425800405,23197.12753935195,30878.207615309955,25057.840221838083,23900.245453124982
178,60.952451425800405,23197.12753935195,30878.207615309955,25057.840221838083,23900.245453124982
179,60.952451425800405,23197.12753935195,30878.207615309955,25057.840221838083,23900.245453124982
180,60.952451425800405,23197.12753935195,30878.207615309955,25057.840221838083,23900.245453124982
181,60.952451425800405,23197.12753935195,30878.207615309955,25057.840221838083,23900.245453124982
182,60.952451425800405,23197.12753935195,30878.207615309955,25057.840221838083,23900.245453124982
183,60.952451425800405,23197.12753935195,30878.207615309955,25057.840221838083,23900.245453124982
184,60.952451425800405,23197.12753935195,30878.207615309955,25057.840221838083,23900.245453124982
185,60.952451425800405,23197.12753935195,30878.207615309955,25057.840221838083,23900.245453124982
186,60.952451425800405,23197.12753935195,30878.207615309955,25057.840221838083,23900.245453124982
187,60.952451425800405,23197.12753935195,30878.207615309955,25057.840221838083,23900.245453124982
188,60.952451425800405,23197.12753935195,30878.207615309955,25057.840221838083,23900.245453124982
189,60.952451425800405,23197.12753935195,30878.207615309955,25057.840221838083,23900.245453124982
190,60.952451425800405,23197.12753935195,30878.207615309955,25057.840221838083,23900.245453124982
191,60.952451425800405,23197.12753935195,30878.207615309955,25057.840221838083,23900.245453124982
192,60.952451425800405,23197.12753935195,30878.207615309955,25057.840221838083,23900.245453124982
193,60.952451425800405,23197.12753935195,30878.207615309955,25057.840221838083,23900.245453124982
194,60.952451425800405,23197.12753935195,30878.207615309955,25057.840221838083,23900.245453124982
195,60.952451425800405,23197.12753935195,30878.207615309955,25057.840221838083,23900.245453124982
196,60.952451425800405,23197.12753935195,30878.207615309955,25057.840221838083,23900.245453124982
197,60.952451425800405,23197.12753935195,30878.207615309955,25057.840221838083,23900.245453124982
198,60.952451425800405,23197.12753935195,30878.207615309955,25057.840221838083,23900.245453124982
199,60.952451425800405,23197.12753935195,30878.207615309955,25057.840221838083,23900.245453124982
200,60.952451425800405,23197.12753935195,30878.207615309955,25057.840221838083,23900.245453124982
201,60.952451425800405,23197.12753935195,30878.207615309955,25057.840221838083,23900.245453124982
202,60.952451425800405,23197.12753935195,30878.207615309955,25057.840221838083,23900.245453124982
203,60.952451425800405,23197.12753935195,30878.207615309955,25057.840221838083,23900.245453124982
204,60.952451425800405,23197.12753935195,30878.207615309955,25057.840221838083,23900.245453124982
205,60.952451425800405,23197.12753935195,30878.207615309955,25057.840221838083,23900.245453124982
206,60.952451425800405,23197.12753935195,30878.207615309955,25057.840221838083,23900.245453124982
207,60.952451425800405,23197.12753935195,30878.207615309955,25057.840221838083,23900.245453124982
208,60.952451425800405,23197.12753935195,30878.207615309955,25057.840221838083,23900.245453124982
209,60.952451425800405,23197.12753935195,30878.207615309955,25057.840221838083,23900.245453124982
210,60.952451425800405,23197.12753935195,30878.207615309955,25057.840221838083,23900.245453124982
211,60.952451425800405,23197.12753935195,30878.207615309955,25057.840221838083,23900.245453124982
212,60.952451425800405,23197.12753935195,30878.207615309955,25057.840221838083,23900.245453124982
213,60.952451425800405,23197.12753935195,30878.207615309955,25057.840221838083,23900.245453124982
214,60.952451425800405,23197.12753935195,30878.207615309955,25057.840221838083,23900.245453124982
215,60.952451425800405,23197.12753935195,30878.207615309955,25057.840221838083,23900.245453124982
216,60.952451425800405,23197.12753935195,30878.207615309955,25057.840221838083,23900.245453124982
217,60.952451425800405,23197.12753935195,30878.207615309955,25057.840221838083,23900.245453124982
218,60.952451425800405,23197.12753935195,30878.207615309955,25057.840221838083,23900.245453124982
219,60.952451425800405,23197.12753935195,30878.207615309955,25057.840221838083,23900.245453124982
220,60.952451425800405,23197.12753935195,30878.207615309955,25057.840221838083,23900.245453124982
221,60.952451425800405,23197.12753935195,30878.207615309955,25057.840221838083,23900.245453124982
222,60.952451425800405,23197.12753935195,30878.207615309955,25057.840221838083,23900.245453124982
223,60.952451425800405,23197.12753935195,30878.207615309955,25057.840221838083,23900.245453124982
224,60.952451425800405,23197.12753935195,30878.207615309955,25057.840221838083,23900.245453124982
225,60.952451425800405,23197.12753935195,30878.207615309955,25057.840221838083,23900.245453124982
226,60.952451425800405,23197.12753935195,30878.207615309955,25057.840221838083,23900.245453124982
227,60.952451425800405,23197.12753935195,30878.207615309955,25057.840221838083,23900.245453124982
228,60.952451425800405,23197.12753935195,30878.207615309955,25057.840221838083,23900.245453124982
229,60.952451425800405,23197.12753935195,30878.207615309955,25057.840221838083,23900.245453124982
230,60.952451425800405,23197.12753935195,30878.207615309955,25057.840221838083,23900.245453124982
231,60.952451425800405,23197.12753935195,30878.207615309955,25057.840221838083,23900.245453124982
232,60.952451425800405,23197.12753935195,30878.207615309955,25057.840221838083,23900.245453124982
233,60.952451425800405,23197.12753935195,30878.207615309955,25057.840221838083,23900.245453124982
234,60.952451425800405,23197.12753935195,30878.207615309955,25057.840221838083,23900.245453124982
235,60.952451425800405,23197.12753935195,30878.207615309955,25057.840221838083,23900.245453124982
236,60.952451425800405,23197.12753935195,30878.207615309955,25057.840221838083,23900.245453124982
237,60.952451425800405,23197.12753935195,30878.207615309955,25057.840221838083,23900.245453124982
238,60.952451425800405,23197.12753935195,30878.207615309955,25057.840221838083,23900.245453124982
239,60.952451425800405,23197.12753935195,30878.207615309955,25057.840221838083,23900.245453124982
240,60.952451425800405,23197.12753935195,30878.207615309955,25057.840221838083,23900.245453124982
241,60.952451425800405,23197.12753935195,30878.207615309955,25057.840221838083,23900.245453124982
242,60.952451425800405,23197.12753935195,30878.207615309955,25057.840221838083,23900.245453124982
243,60.952451425800405,23197.12753935195,30878.207615309955,25057.840221838083,23900.245453124982
244,60.952451425800405,23197.12753935195,30878.207615309955,25057.840221838083,23900.245453124982
245,60.952451425800405,23197.12753935195,30878.207615309955,25057.840221838083,23900.245453124982
246,60.952451425800405,23197.12753935195,30878.207615309955,25057.840221838083,23900.245453124982
247,60.952451425800405,23197.12753935195,30878.207615309955,25057.840221838083,23900.245453124982
248,60.952451425800405,23197.12753935195,30878.207615309955,25057.840221838083,23900.245453124982
249,60.952451425800405,23197.12753935195,30878.207615309955,25057.840221838083,23900.245453124982
250,60.952451425800405,23197.12753935195,30878.207615309955,25057.840221838083,23900.245453124982
251,60.952451425800405,23197.12753935195,30878.207615309955,25057.840221838083,23900.245453124982
252,60.952451425800405,23197.12753935195,30878.207615309955,25057.840221838083,23900.245453124982
253,60.952451425800405,23197.12753935195,30878.207615309955,25057.840221838083,23900.245453124982
254,60.952451425800405,23197.12753935195,30878.207615309955,25057.840221838083,23900.245453124982
255,60.952451425800405,23197.12753935195,30878.207615309955,25057.840221838083,23900.245453124982
256,60.952451425800405,23197.12753935195,30878.207615309955,25057.840221838083,23900.245453124982
257,60.952451425800405,23197.12753935195,30878.207615309955,25057.840221838083,23900.245453124982
258,60.952451425800405,23197.12753935195,30878.207615309955,25057.840221838083,23900.245453124982
259,60.952451425800405,23197.12753935195,30878.207615309955,25057.840221838083,23900.245453124982
260,60.952451425800405,23197.12753935195,30878.207615309955,25057.840221838083,23900.245453124982
261,60.952451425800405,23197.12753935195,30878.207615309955,25057.840221838083,23900.245453124982
262,60.952451425800405,23197.12753935195,30878.207615309955,25057.840221838083,23900.245453124982
263,60.952451425800405,23197.12753935195,30878.207615309955,25057.840221838083,23900.245453124982
264,60.952451425800405,23197.12753935195,30878.207615309955,25057.840221838083,23900.245453124982
265,60.952451425800405,23197.12753935195,30878.207615309955,25057.840221838083,23900.245453124982
266,60.952451425800405,23197.12753935195,30878.207615309955,25057.840221838083,23900.245453124982
267,60.952451425800405,23197.12753935195,30878.207615309955,25057.840221838083,23900.245453124982
268,60.952451425800405,23197.12753935195,30878.207615309955,25057.840221838083,23900.245453124982
269,60.952451425800405,23197.12753935195,30878.207615309955,25057.840221838083,23900.245453124982
270,60.952451425800405,23197.12753935195,30878.207615309955,25057.840221838083,23900.245453124982
271,60.952451425800405,23197.12753935195,30878.207615309955,25057.840221838083,23900.245453124982
272,60.952451425800405,23197.12753935195,30878.207615309955,25057.840221838083,23900.245453124982
273,60.952451425800405,23197.12753935195,30878.207615309955,25057.840221838083,23900.245453124982
274,60.952451425800405,23197.12753935195,30878.207615309955,25057.840221838083,23900.245453124982
275,60.952451425800405,23197.12753935195,30878.207615309955,25057.840221838083,23900.245453124982
276,60.952451425800405,23197.12753935195,30878.207615309955,25057.840221838083,23900.245453124982
277,60.952451425800405,23197.12753935195,30878.207615309955,25057.840221838083,23900.245453124982
278,60.952451425800405,23197.12753935195,30878.207615309955,25057.840221838083,23900.245453124982
279,60.952451425800405,23197.12753935195,30878.207615309955,25057.840221838083,23900.245453124982
280,60.952451425800405,23197.12753935195,30878.207615309955,25057.840221838083,23900.245453124982
281,60.952451425800405,23197.12753935195,30878.207615309955,25057.840221838083,23900.245453124982
282,60.952451425800405,23197.12753935195,30878.207615309955,25057.840221838083,23900.245453124982
283,60.952451425800405,23197.12753935195,30878.207615309955,25057.840221838083,23900.245453124982
284,60.952451425800405,23197.12753935195,30878.207615309955,25057.840221838083,23900.245453124982
285,60.952451425800405,23197.12753935195,30878.207615309955,25057.840221838083,23900.245453124982
286,60.952451425800405,23197.12753935195,30878.207615309955,25057.840221838083,23900.245453124982
287,60.952451425800405,23197.12753935195,30878.207615309955,25057.840221838083,23900.245453124982
288,60.952451425800405,23197.12753935195,30878.207615309955,25057.840221838083,23900.245453124982
289,60.952451425800405,23197.12753935195,30878.207615309955,25057.840221838083,23900.245453124982
290,60.952451425800405,23197.12753935195,30878.207615309955,25057.840221838083,23900.245453124982
291,60.952451425800405,23197.12753935195,30878.207615309955,25057.840221838083,23900.245453124982
292,60.952451425800405,23197.12753935195,30878.207615309955,25057.840221838083,23900.245453124982
293,60.952451425800405,23197.12753935195,30878.207615309955,25057.840221838083,23900.245453124982
294,60.952451425800405,23197.12753935195,30878.207615309955,25057.840221838083,23900.245453124982
295,60.952451425800405,23197.12753935195,30878.207615309955,25057.840221838083,23900.245453124982
296,60.952451425800405,23197.12753935195,30878.207615309955,25057.840221838083,23900.245453124982
297,60.952451425800405,23197.12753935195,30878.207615309955,25057.840221838083,23900.245453124982
298,60.952451425800405,23197.12753935195,30878.207615309955,25057.840221838083,23900.245453124982
299,60.952451425800405,23197.12753935195,30878.207615309955,25057.840221838083,23900.245453124982
300,60.952451425800405,23197.12753935195,30878.207615309955,25057.840221838083,23900.245453124982
301,60.952451425800405,23197.12753935195,30878.207615309955,25057.840221838083,23900.245453124982
302,60.952451425800405,23197.12753935195,30878.207615309955,25057.840221838083,23900.245453124982
303,60.952451425800405,23197.12753935195,30878.207615309955,25057.840221838083,23900.245453124982
304,60.952451425800405,23197.12753935195,30878.207615309955,25057.840221838083,23900.245453124982
305,60.952451425800405,23197.12753935195,30878.207615309955,25057.840221838083,23900.245453124982
306,60.952451425800405,23197.12753935195,30878.207615309955,25057.840221838083,23900.245453124982
307,60.952451425800405,23197.12753935195,30878.207615309955,25057.840221838083,23900.245453124982
308,60.952451425800405,23197.12753935195,30878.207615309955,25057.840221838083,23900.245453124982
309,60.952451425800405,23197.12753935195,30878.207615309955,25057.840221838083,23900.245453124982
310,60.952451425800405,23197.12753935195,30878.207615309955,25057.840221838083,23900.245453124982
311,60.952451425800405,23197.12753935195,30878.207615309955,25057.840221838083,23900.245453124982
312,60.952451425800405,23197.12753935195,30878.207615309955,25057.840221838083,23900.245453124982
313,60.952451425800405,23197.12753935195,30878.207615309955,25057.840221838083,23900.245453124982
314,60.952451425800405,23197.12753935195,30878.207615309955,25057.840221838083,23900.245453124982
315,60.952451425800405,23197.12753935195,30878.207615309955,25057.840221838083,23900.245453124982
316,60.952451425800405,23197.12753935195,30878.207615309955,25057.840221838083,23900.245453124982
317,60.952451425800405,23197.12753935195,30878.207615309955,25057.840221838083,23900.245453124982
318,60.952451425800405,23197.12753935195,30878.207615309955,25057.840221838083,23900.245453124982
319,60.952451425800405,23197.12753935195,30878.207615309955,25057.840221838083,23900.245453124982
320,60.952451425800405,23197.12753935195,30878.207615309955,25057.840221838083,23900.245453124982
321,60.952451425800405,23197.12753935195,30878.207615309955,25057.840221838083,23900.245453124982
322,60.952451425800405,23197.12753935195,30878.207615309955,25057.840221838083,23900.245453124982
323,60.952451425800405,23197.12753935195,30878.207615309955,25057.840221838083,23900.245453124982
324,60.952451425800405,23197.12753935195,30878.207615309955,25057.840221838083,23900.245453124982
325,60.952451425800405,23197.12753935195,30878.207615309955,25057.840221838083,23900.245453124982
326,60.952451425800405,23197.12753935195,30878.207615309955,25057.840221838083,23900.245453124982
327,60.952451425800405,23197.12753935195,30878.207615309955,25057.840221838083,23900.245453124982
328,60.952451425800405,23197.12753935195,30878.207615309955,25057.840221838083,23900.245453124982
329,60.952451425800405,23197.12753935195,30878.207615309955,25057.840221838083,23900.245453124982
330,60.952451425800405,23197.12753935195,30878.207615309955,25057.840221838083,23900.245453124982
331,60.952451425800405,23197.12753935195,30878.207615309955,25057.840221838083,23900.245453124982
332,60.952451425800405,23197.12753935195,30878.207615309955,25057.840221838083,23900.245453124982
333,60.952451425800405,23197.12753935195,30878.207615309955,25057.840221838083,23900.245453124982
334,60.952451425800405,23197.12753935195,30878.207615309955,25057.840221838083,23900.245453124982
335,60.952451425800405,23197.12753935195,30878.207615309955,25057.840221838083,23900.245453124982
336,60.952451425800405,23197.12753935195,30878.207615309955,25057.840221838083,23900.245453124982
337,60.952451425800405,23197.12753935195,30878.207615309955,25057.840221838083,23900.245453124982
338,60.952451425800405,23197.12753935195,30878.207615309955,25057.840221838083,23900.245453124982
339,60.952451425800405,23197.12753935195,30878.207615309955,25057.840221838083,23900.245453124982
340,60.952451425800405,23197.12753935195,30878.207615309955,25057.840221838083,23900.245453124982
341,60.952451425800405,23197.12753935195,30878.207615309955,25057.840221838083,23900.245453124982
342,60.952451425800405,23197.12753935195,30878.207615309955,25057.840221838083,23900.245453124982
343,60.952451425800405,23197.12753935195,30878.207615309955,25057.840221838083,23900.245453124982
344,60.952451425800405,23197.12753935195,30878.207615309955,25057.840221838083,23900.245453124982
345,60.952451425800405,23197.12753935195,30878.207615309955,25057.840221838083,23900.245453124982
346,60.952451425800405,23197.12753935195,30878.207615309955,25057.840221838083,23900.245453124982
347,60.952451425800405,23197.12753935195,30878.207615309955,25057.840221838083,23900.245453124982
348,60.952451425800405,23197.12753935195,30878.207615309955,25057.840221838083,23900.245453124982
349,60.952451425800405,23197.12753935195,30878.207615309955,25057.840221838083,23900.245453124982
350,60.952451425800405,23197.12753935195,30878.207615309955,25057.840221838083,23900.245453124982
351,60.952451425800405,23197.12753935195,30878.207615309955,25057.840221838083,23900.245453124982
352,60.952451425800405,23197.12753935195,30878.207615309955,25057.840221838083,23900.245453124982
353,60.952451425800405,23197.12753935195,30878.207615309955,25057.840221838083,23900.245453124982
354,60.952451425800405,23197.12753935195,30878.207615309955,25057.840221838083,23900.245453124982
355,60.952451425800405,23197.12753935195,30878.207615309955,25057.840221838083,23900.245453124982
356,60.952451425800405,23197.12753935195,30878.207615309955,25057.840221838083,23900.245453124982
357,60.952451425800405,23197.12753935195,30878.207615309955,25057.840221838083,23900.245453124982
358,60.952451425800405,23197.12753935195,30878.207615309955,25057.840221838083,23900.245453124982
359,60.952451425800405,23197.12753935195,30878.207615309955,25057.840221838083,23900.245453124982
360,60.952451425800405,23197.12753935195,30878.207615309955,25057.840221838083,23900.245453124982
361,60.952451425800405,23197.12753935195,30878.207615309955,25057.840221838083,23900.245453124982
362,60.952451425800405,23197.12753935195,30878.207615309955,25057.840221838083,23900.245453124982
363,60.952451425800405,23197.12753935195,30878.207615309955,25057.840221838083,23900.245453124982
364,60.952451425800405,23197.12753935195,30878.207615309955,25057.840221838083,23900.245453124982
365,60.952451425800405,23197.12753935195,30878.207615309955,25057.840221838083,23900.245453124982
366,60.952451425800405,23197.12753935195,30878.207615309955,25057.840221838083,23900.245453124982
367,60.952451425800405,23197.12753935195,30878.207615309955,25057.840221838083,23900.245453124982
368,60.952451425800405,23197.12753935195,30878.207615309955,25057.840221838083,23900.245453124982
369,60.952451425800405,23197.12753935195,30878.207615309955,25057.840221838083,23900.245453124982
370,60.952451425800405,23197.12753935195,30878.207615309955,25057.840221838083,23900.245453124982
371,60.952451425800405,23197.12753935195,30878.207615309955,25057.840221838083,23900.245453124982
372,60.952451425800405,23197.12753935195,30878.207615309955,25057.840221838083,23900.245453124982
373,60.952451425800405,23197.12753935195,30878.207615309955,25057.840221838083,23900.245453124982
374,60.952451425800405,23197.12753935195,30878.207615309955,25057.840221838083,23900.245453124982
375,60.952451425800405,23197.12753935195,30878.207615309955,25057.840221838083,23900.245453124982
376,60.952451425800405,23197.12753935195,30878.207615309955,25057.840221838083,23900.245453124982
377,60.952451425800405,23197.12753935195,30878.207615309955,25057.840221838083,23900.245453124982
378,60.952451425800405,23197.12753935195,30878.207615309955,25057.840221838083,23900.245453124982
379,60.952451425800405,23197.12753935195,30878.207615309955,25057.840221838083,23900.245453124982
380,60.952451425800405,23197.12753935195,30878.207615309955,25057.840221838083,23900.245453124982
381,60.952451425800405,23197.12753935195,30878.207615309955,25057.840221838083,23900.245453124982
382,60.952451425800405,23197.12753935195,30878.207615309955,25057.840221838083,23900.245453124982
383,60.952451425800405,23197.12753935195,30878.207615309955,25057.840221838083,23900.245453124982
384,60.952451425800405,23197.12753935195,30878.207615309955,25057.840221838083,23900.245453124982
385,60.952451425800405,23197.12753935195,30878.207615309955,25057.840221838083,23900.245453124982
386,60.952451425800405,23197.12753935195,30878.207615309955,25057.840221838083,23900.245453124982
387,60.952451425800405,23197.12753935195,30878.207615309955,25057.840221838083,23900.245453124982
388,60.952451425800405,23197.12753935195,30878.207615309955,25057.840221838083,23900.245453124982
389,60.952451425800405,23197.12753935195,30878.207615309955,25057.840221838083,23900.245453124982
390,60.952451425800405,23197.12753935195,30878.207615309955,25057.840221838083,23900.245453124982
391,60.952451425800405,23197.12753935195,30878.207615309955,25057.840221838083,23900.245453124982
392,60.952451425800405,23197.12753935195,30878.207615309955,25057.840221838083,23900.245453124982
393,60.952451425800405,23197.12753935195,30878.207615309955,25057.840221838083,23900.245453124982
394,60.952451425800405,23197.12753935195,30878.207615309955,25057.840221838083,23900.245453124982
395,60.952451425800405,23197.12753935195,30878.207615309955,25057.840221838083,23900.245453124982
396,60.952451425800405,23197.12753935195,30878.207615309955,25057.840221838083,23900.245453124982
397,60.952451425800405,23197.12753935195,30878.207615309955,25057.840221838083,23900.245453124982
398,60.952451425800405,23197.12753935195,30878.207615309955,25057.840221838083,23900.245453124982
399,60.952451425800405,23197.12753935195,30878.207615309955,25057.840221838083,23900.245453124982
400,60.952451425800405,23197.12753935195,30878.207615309955,25057.840221838083,23900.245453124982
401,60.952451425800405,23197.12753935195,30878.207615309955,25057.840221838083,23900.245453124982
402,60.952451425800405,23197.12753935195,30878.207615309955,25057.840221838083,23900.245453124982
403,60.952451425800405,23197.12753935195,30878.207615309955,25057.840221838083,23900.245453124982
404,60.952451425800405,23197.12753935195,30878.207615309955,25057.840221838083,23900.245453124982
405,60.952451425800405,23197.12753935195,30878.207615309955,25057.840221838083,23900.245453124982
406,60.952451425800405,23197.12753935195,30878.207615309955,25057.840221838083,23900.245453124982
407,60.952451425800405,23197.12753935195,30878.207615309955,25057.840221838083,23900.245453124982
408,60.952451425800405,23197.12753935195,30878.207615309955,25057.840221838083,23900.245453124982
409,60.952451425800405,23197.12753935195,30878.207615309955,25057.840221838083,23900.245453124982
410,60.952451425800405,23197.12753935195,30878.207615309955,25057.840221838083,23900.245453124982
411,60.952451425800405,23197.12753935195,30878.207615309955,25057.840221838083,23900.245453124982
412,60.952451425800405,23197.12753935195,30878.207615309955,25057.840221838083,23900.245453124982
413,60.952451425800405,23197.12753935195,30878.207615309955,25057.840221838083,23900.245453124982
414,60.952451425800405,23197.12753935195,30878.207615309955,25057.840221838083,23900.245453124982
415,60.952451425800405,23197.12753935195,30878.207615309955,25057.840221838083,23900.245453124982
416,60.952451425800405,23197.12753935195,30878.207615309955,25057.840221838083,23900.245453124982
417,60.952451425800405,23197.12753935195,30878.207615309955,25057.840221838083,23900.245453124982
418,60.952451425800405,23197.12753935195,30878.207615309955,25057.840221838083,23900.245453124982
419,60.952451425800405,23197.12753935195,30878.207615309955,25057.840221838083,23900.245453124982
420,60.952451425800405,23197.12753935195,30878.207615309955,25057.840221838083,23900.245453124982
421,60.952451425800405,23197.12753935195,30878.207615309955,25057.840221838083,23900.245453124982
422,60.952451425800405,23197.12753935195,30878.207615309955,25057.840221838083,23900.245453124982
423,60.952451425800405,23197.12753935195,30878.207615309955,25057.840221838083,23900.245453124982
424,60.952451425800405,23197.12753935195,30878.207615309955,25057.840221838083,23900.245453124982
425,60.952451425800405,23197.12753935195,30878.207615309955,25057.840221838083,23900.245453124982
426,60.952451425800405,23197.12753935195,30878.207615309955,25057.840221838083,23900.245453124982
427,60.952451425800405,23197.12753935195,30878.207615309955,25057.840221838083,23900.245453124982
428,60.952451425800405,23197.12753935195,30878.207615309955,25057.840221838083,23900.245453124982
429,60.952451425800405,23197.12753935195,30878.207615309955,25057.840221838083,23900.245453124982
430,60.952451425800405,23197.12753935195,30878.207615309955,25057.840221838083,23900.245453124982
431,60.952451425800405,23197.12753935195,30878.207615309955,25057.840221838083,23900.245453124982
432,60.952451425800405,23197.12753935195,30878.207615309955,25057.840221838083,23900.245453124982
433,60.952451425800405,23197.12753935195,30878.207615309955,25057.840221838083,23900.245453124982
434,60.952451425800405,23197.12753935195,30878.207615309955,25057.840221838083,23900.245453124982
435,60.952451425800405,23197.12753935195,30878.207615309955,25057.840221838083,23900.245453124982
436,60.952451425800405,23197.12753935195,30878.207615309955,25057.840221838083,23900.245453124982
437,60.952451425800405,23197.12753935195,30878.207615309955,25057.840221838083,23900.245453124982
438,60.952451425800405,23197.12753935195,30878.207615309955,25057.840221838083,23900.245453124982
439,60.952451425800405,23197.12753935195,30878.207615309955,25057.840221838083,23900.245453124982
440,60.952451425800405,23197.12753935195,30878.207615309955,25057.840221838083,23900.245453124982
441,60.952451425800405,23197.12753935195,30878.207615309955,25057.840221838083,23900.245453124982
442,60.952451425800405,23197.12753935195,30878.207615309955,25057.840221838083,23900.245453124982
443,60.952451425800405,23197.12753935195,30878.207615309955,25057.840221838083,23900.245453124982
444,60.952451425800405,23197.12753935195,30878.207615309955,25057.840221838083,23900.245453124982
445,60.952451425800405,23197.12753935195,30878.207615309955,25057.840221838083,23900.245453124982
446,60.952451425800405,23197.12753935195,30878.207615309955,25057.840221838083,23900.245453124982
447,60.952451425800405,23197.12753935195,30878.207615309955,25057.840221838083,23900.245453124982
448,60.952451425800405,23197.12753935195,30878.207615309955,25057.840221838083,23900.245453124982
449,60.952451425800405,23197.12753935195,30878.207615309955,25057.840221838083,23900.245453124982
450,60.952451425800405,23197.12753935195,30878.207615309955,25057.840221838083,23900.245453124982
451,60.952451425800405,23197.12753935195,30878.207615309955,25057.840221838083,23900.245453124982
452,60.952451425800405,23197.12753935195,30878.207615309955,25057.840221838083,23900.245453124982
453,60.952451425800405,23197.12753935195,30878.207615309955,25057.840221838083,23900.245453124982
454,60.952451425800405,23197.12753935195,30878.207615309955,25057.840221838083,23900.245453124982
455,60.952451425800405,23197.12753935195,30878.207615309955,25057.840221838083,23900.245453124982
456,60.952451425800405,23197.12753935195,30878.207615309955,25057.840221838083,23900.245453124982
457,60.952451425800405,23197.12753935195,30878.207615309955,25057.840221838083,23900.245453124982
458,60.952451425800405,23197.12753935195,30878.207615309955,25057.840221838083,23900.245453124982
459,60.952451425800405,23197.12753935195,30878.207615309955,25057.840221838083,23900.245453124982
460,60.952451425800405,23197.12753935195,30878.207615309955,25057.840221838083,23900.245453124982
461,60.952451425800405,23197.12753935195,30878.207615309955,25057.840221838083,23900.245453124982
462,60.952451425800405,23197.12753935195,30878.207615309955,25057.840221838083,23900.245453124982
463,60.952451425800405,23197.12753935195,30878.207615309955,25057.840221838083,23900.245453124982
464,60.952451425800405,23197.12753935195,30878.207615309955,25057.840221838083,23900.245453124982
465,60.952451425800405,23197.12753935195,30878.207615309955,25057.840221838083,23900.245453124982
466,60.952451425800405,23197.12753935195,30878.207615309955,25057.840221838083,23900.245453124982
467,60.952451425800405,23197.12753935195,30878.207615309955,25057.840221838083,23900.245453124982
468,60.952451425800405,23197.12753935195,30878.207615309955,25057.840221838083,23900.245453124982
469,60.952451425800405,23197.12753935195,30878.207615309955,25057.840221838083,23900.245453124982
470,60.952451425800405,23197.12753935195,30878.207615309955,25057.840221838083,23900.245453124982
471,60.952451425800405,23197.12753935195,30878.207615309955,25057.840221838083,23900.245453124982
472,60.952451425800405,23197.12753935195,30878.207615309955,25057.840221838083,23900.245453124982
473,60.952451425800405,23197.12753935195,30878.207615309955,25057.840221838083,23900.245453124982
474,60.952451425800405,23197.12753935195,30878.207615309955,25057.840221838083,23900.245453124982
475,60.952451425800405,23197.12753935195,30878.207615309955,25057.840221838083,23900.245453124982
476,60.952451425800405,23197.12753935195,30878.207615309955,25057.840221838083,23900.245453124982
477,60.952451425800405,23197.12753935195,30878.207615309955,25057.840221838083,23900.245453124982
478,60.952451425800405,23197.12753935195,30878.207615309955,25057.840221838083,23900.245453124982
479,60.952451425800405,23197.12753935195,30878.207615309955,25057.840221838083,23900.245453124982
480,60.952451425800405,23197.12753935195,30878.207615309955,25057.840221838083,23900.245453124982
481,60.952451425800405,23197.12753935195,30878.207615309955,25057.840221838083,23900.245453124982
482,60.952451425800405,23197.12753935195,30878.207615309955,25057.840221838083,23900.245453124982
483,60.952451425800405,23197.12753935195,30878.207615309955,25057.840221838083,23900.245453124982
484,60.952451425800405,23197.12753935195,30878.207615309955,25057.840221838083,23900.245453124982
485,60.952451425800405,23197.12753935195,30878.207615309955,25057.840221838083,23900.245453124982
486,60.952451425800405,23197.12753935195,30878.207615309955,25057.840221838083,23900.245453124982
487,60.952451425800405,23197.12753935195,30878.207615309955,25057.840221838083,23900.245453124982
488,60.952451425800405,23197.12753935195,30878.207615309955,25057.840221838083,23900.245453124982
489,60.952451425800405,23197.12753935195,30878.207615309955,25057.840221838083,23900.245453124982
490,60.952451425800405,23197.12753935195,30878.207615309955,25057.840221838083,23900.245453124982
491,60.952451425800405,23197.12753935195,30878.207615309955,25057.840221838083,23900.245453124982
492,60.952451425800405,23197.12753935195,30878.207615309955,25057.840221838083,23900.245453124982
493,60.952451425800405,23197.12753935195,30878.207615309955,25057.840221838083,23900.245453124982
494,60.952451425800405,23197.12753935195,30878.207615309955,25057.840221838083,23900.245453124982
495,60.952451425800405,23197.12753935195,30878.207615309955,25057.840221838083,23900.245453124982
496,60.952451425800405,23197.12753935195,30878.207615309955,25057.840221838083,23900.245453124982
497,60.952451425800405,23197.12753935195,30878.207615309955,25057.840221838083,23900.245453124982
498,60.952451425800405,23197.12753935195,30878.207615309955,25057.840221838083,23900.245453124982
499,60.952451425800405,23197.12753935195,30878.207615309955,25057.840221838083,23900.245453124982
500,60.952451425800405,23197.12753935195,30878.207615309955,25057.840221838083,23900.245453124982
501,60.952451425800405,23197.12753935195,30878.207615309955,25057.840221838083,23900.245453124982
502,60.952451425800405,23197.12753935195,30878.207615309955,25057.840221838083,23900.245453124982
503,60.952451425800405,23197.12753935195,30878.207615309955,25057.840221838083,23900.245453124982
504,60.952451425800405,23197.12753935195,30878.207615309955,25057.840221838083,23900.245453124982
505,60.952451425800405,23197.12753935195,30878.207615309955,25057.840221838083,23900.245453124982
506,60.952451425800405,23197.12753935195,30878.207615309955,25057.840221838083,23900.245453124982
507,60.952451425800405,23197.12753935195,30878.207615309955,25057.840221838083,23900.245453124982
508,60.952451425800405,23197.12753935195,30878.207615309955,25057.840221838083,23900.245453124982
509,60.952451425800405,23197.12753935195,30878.207615309955,25057.840221838083,23900.245453124982
510,60.952451425800405,23197.12753935195,30878.207615309955,25057.840221838083,23900.245453124982
511,60.952451425800405,23197.12753935195,30878.207615309955,25057.840221838083,23900.245453124982
512,60.952451425800405,23197.12753935195,30878.207615309955,25057.840221838083,23900.245453124982
513,60.952451425800405,23197.12753935195,30878.207615309955,25057.840221838083,23900.245453124982
514,60.952451425800405,23197.12753935195,30878.207615309955,25057.840221838083,23900.245453124982
515,60.952451425800405,23197.12753935195,30878.207615309955,25057.840221838083,23900.245453124982
516,60.952451425800405,23197.12753935195,30878.207615309955,25057.840221838083,23900.245453124982
517,60.952451425800405,23197.12753935195,30878.207615309955,25057.840221838083,23900.245453124982
518,60.952451425800405,23197.12753935195,30878.207615309955,25057.840221838083,23900.245453124982
519,60.952451425800405,23197.12753935195,30878.207615309955,25057.840221838083,23900.245453124982
520,60.952451425800405,23197.12753935195,30878.207615309955,25057.840221838083,23900.245453124982
521,60.952451425800405,23197.12753935195,30878.207615309955,25057.840221838083,23900.245453124982
522,60.952451425800405,23197.12753935195,30878.207615309955,25057.840221838083,23900.245453124982
523,60.952451425800405,23197.12753935195,30878.207615309955,25057.840221838083,23900.245453124982
524,60.952451425800405,23197.12753935195,30878.207615309955,25057.840221838083,23900.245453124982
525,60.84352320949598,23197.12753935195,30878.207615309955,25057.840221838083,23900.245453124982
526,60.81779124613788,23197.12753935195,30878.207615309955,25057.840221838083,23900.245453124982
527,60.81779124613788,23197.12753935195,30878.207615309955,25057.840221838083,23900.245453124982
528,60.772447058581605,23197.12753935195,30878.207615309955,25057.840221838083,23900.245453124982
529,60.76744884563086,23197.12753935195,30878.207615309955,25057.840221838083,23900.245453124982
530,60.76744884563086,23197.12753935195,30878.207615309955,25057.840221838083,23900.245453124982
531,60.76744884563086,23197.12753935195,30878.207615309955,25057.840221838083,23900.245453124982
532,60.76744884563086,23197.12753935195,30878.207615309955,25057.840221838083,23900.245453124982
533,60.76744884563086,23197.12753935195,30878.207615309955,25057.840221838083,23900.245453124982
534,60.76744884563086,23197.12753935195,30878.207615309955,25057.840221838083,23900.245453124982
535,60.76744884563086,23197.12753935195,30878.207615309955,25057.840221838083,23900.245453124982
536,60.76744884563086,23197.12753935195,30878.207615309955,25057.840221838083,23900.245453124982
537,60.76744884563086,23197.12753935195,30878.207615309955,25057.840221838083,23900.245453124982
538,60.76744884563086,23197.12753935195,30878.207615309955,25057.840221838083,23900.245453124982
539,60.76744884563086,23197.12753935195,30878.207615309955,25057.840221838083,23900.245453124982
540,60.76744884563086,23197.12753935195,30878.207615309955,25057.840221838083,23900.245453124982
541,60.76744884563086,23197.12753935195,30878.207615309955,25057.840221838083,23900.245453124982
542,60.76744884563086,23197.12753935195,30878.207615309955,25057.840221838083,23900.245453124982
543,60.76744884563086,23197.12753935195,30878.207615309955,25057.840221838083,23900.245453124982
544,60.76744884563086,23197.12753935195,30878.207615309955,25057.840221838083,23900.245453124982
545,60.76744884563086,23197.12753935195,30878.207615309955,25057.840221838083,23900.245453124982
546,60.76744884563086,23197.12753935195,30878.207615309955,25057.840221838083,23900.245453124982
547,60.76744884563086,23197.12753935195,30878.207615309955,25057.840221838083,23900.245453124982
548,60.76744884563086,23197.12753935195,30878.207615309955,25057.840221838083,23900.245453124982
549,60.76744884563086,23197.12753935195,30878.207615309955,25057.840221838083,23900.245453124982
550,60.76744884563086,23197.12753935195,30878.207615309955,25057.840221838083,23900.245453124982
551,60.76744884563086,23197.12753935195,30878.207615309955,25057.840221838083,23900.245453124982
552,60.76744884563086,23197.12753935195,30878.207615309955,25057.840221838083,23900.245453124982
553,60.76744884563086,23197.12753935195,30878.207615309955,25057.840221838083,23900.245453124982
554,60.76744884563086,23197.12753935195,30878.207615309955,25057.840221838083,23900.245453124982
555,60.76744884563086,23197.12753935195,30878.207615309955,25057.840221838083,23900.245453124982
556,60.76744884563086,23197.12753935195,30878.207615309955,25057.840221838083,23900.245453124982
557,60.76744884563086,23197.12753935195,30878.207615309955,25057.840221838083,23900.245453124982
558,60.76744884563086,23197.12753935195,30878.207615309955,25057.840221838083,23900.245453124982
559,60.76744884563086,23197.12753935195,30878.207615309955,25057.840221838083,23900.245453124982
560,60.76744884563086,23197.12753935195,30878.207615309955,25057.840221838083,23900.245453124982
561,60.76744884563086,23197.12753935195,30878.207615309955,25057.840221838083,23900.245453124982
562,60.76744884563086,23197.12753935195,30878.207615309955,25057.840221838083,23900.245453124982
563,60.76744884563086,23197.12753935195,30878.207615309955,25057.840221838083,23900.245453124982
564,60.76744884563086,23197.12753935195,30878.207615309955,25057.840221838083,23900.245453124982
565,60.76744884563086,23197.12753935195,30878.207615309955,25057.840221838083,23900.245453124982
566,60.76744884563086,23197.12753935195,30878.207615309955,25057.840221838083,23900.245453124982
567,60.76744884563086,23197.12753935195,30878.207615309955,25057.840221838083,23900.245453124982
568,60.76744884563086,23197.12753935195,30878.207615309955,25057.840221838083,23900.245453124982
569,60.76744884563086,23197.12753935195,30878.207615309955,25057.840221838083,23900.245453124982
570,60.76744884563086,23197.12753935195,30878.207615309955,25057.840221838083,23900.245453124982
571,60.76744884563086,23197.12753935195,30878.207615309955,25057.840221838083,23900.245453124982
572,60.76744884563086,23197.12753935195,30878.207615309955,25057.840221838083,23900.245453124982
573,60.76744884563086,23197.12753935195,30878.207615309955,25057.840221838083,23900.245453124982
574,60.76744884563086,23197.12753935195,30878.207615309955,25057.840221838083,23900.245453124982
575,60.76744884563086,23197.12753935195,30878.207615309955,25057.840221838083,23900.245453124982
576,60.76744884563086,23197.12753935195,30878.207615309955,25057.840221838083,23900.245453124982
577,60.76744884563086,23197.12753935195,30878.207615309955,25057.840221838083,23900.245453124982
578,60.76744884563086,23197.12753935195,30878.207615309955,25057.840221838083,23900.245453124982
579,60.76744884563086,23197.12753935195,30878.207615309955,25057.840221838083,23900.245453124982
580,60.76744884563086,23197.12753935195,30878.207615309955,25057.840221838083,23900.245453124982
581,60.76744884563086,23197.12753935195,30878.207615309955,25057.840221838083,23900.245453124982
582,60.76744884563086,23197.12753935195,30878.207615309955,25057.840221838083,23900.245453124982
583,60.76744884563086,23197.12753935195,30878.207615309955,25057.840221838083,23900.245453124982
584,60.76744884563086,23197.12753935195,30878.207615309955,25057.840221838083,23900.245453124982
585,60.76744884563086,23197.12753935195,30878.207615309955,25057.840221838083,23900.245453124982
586,60.76744884563086,23197.12753935195,30878.207615309955,25057.840221838083,23900.245453124982
587,60.76744884563086,23197.12753935195,30878.207615309955,25057.840221838083,23900.245453124982
588,60.76744884563086,23197.12753935195,30878.207615309955,25057.840221838083,23900.245453124982
589,60.76744884563086,23197.12753935195,30878.207615309955,25057.840221838083,23900.245453124982
590,60.76744884563086,23197.12753935195,30878.207615309955,25057.840221838083,23900.245453124982
591,60.76744884563086,23197.12753935195,30878.207615309955,25057.840221838083,23900.245453124982
592,60.76744884563086,23197.12753935195,30878.207615309955,25057.840221838083,23900.245453124982
593,60.76744884563086,23197.12753935195,30878.207615309955,25057.840221838083,23900.245453124982
594,60.76744884563086,23197.12753935195,30878.207615309955,25057.840221838083,23900.245453124982
595,60.76744884563086,23197.12753935195,30878.207615309955,25057.840221838083,23900.245453124982
596,60.76744884563086,23197.12753935195,30878.207615309955,25057.840221838083,23900.245453124982
597,60.76744884563086,23197.12753935195,30878.207615309955,25057.840221838083,23900.245453124982
598,60.76744884563086,23197.12753935195,30878.207615309955,25057.840221838083,23900.245453124982
599,60.76744884563086,23197.12753935195,30878.207615309955,25057.840221838083,23900.245453124982
600,60.76744884563086,23197.12753935195,30878.207615309955,25057.840221838083,23900.245453124982
601,60.76744884563086,23197.12753935195,30878.207615309955,25057.840221838083,23900.245453124982
602,60.76744884563086,23197.12753935195,30878.207615309955,25057.840221838083,23900.245453124982
603,60.76744884563086,23197.12753935195,30878.207615309955,25057.840221838083,23900.245453124982
604,60.76744884563086,23197.12753935195,30878.207615309955,25057.840221838083,23900.245453124982
605,60.76744884563086,23197.12753935195,30878.207615309955,25057.840221838083,23900.245453124982
606,60.76744884563086,23197.12753935195,30878.207615309955,25057.840221838083,23900.245453124982
607,60.76744884563086,23197.12753935195,30878.207615309955,25057.840221838083,23900.245453124982
608,60.76744884563086,23197.12753935195,30878.207615309955,25057.840221838083,23900.245453124982
609,60.76744884563086,23197.12753935195,30878.207615309955,25057.840221838083,23900.245453124982
610,60.76744884563086,23197.12753935195,30878.207615309955,25057.840221838083,23900.245453124982
611,60.76744884563086,23197.12753935195,30878.207615309955,25057.840221838083,23900.245453124982
612,60.76744884563086,23197.12753935195,30878.207615309955,25057.840221838083,23900.245453124982
613,60.76744884563086,23197.12753935195,30878.207615309955,25057.840221838083,23900.245453124982
614,60.76744884563086,23197.12753935195,30878.207615309955,25057.840221838083,23900.245453124982
615,60.76744884563086,23197.12753935195,30878.207615309955,25057.840221838083,23900.245453124982
616,60.76744884563086,23197.12753935195,30878.207615309955,25057.840221838083,23900.245453124982
617,60.76744884563086,23197.12753935195,30878.207615309955,25057.840221838083,23900.245453124982
618,60.76744884563086,23197.12753935195,30878.207615309955,25057.840221838083,23900.245453124982
619,60.76744884563086,23197.12753935195,30878.207615309955,25057.840221838083,23900.245453124982
620,60.76744884563086,23197.12753935195,30878.207615309955,25057.840221838083,23900.245453124982
621,60.76744884563086,23197.12753935195,30878.207615309955,25057.840221838083,23900.245453124982
622,60.76744884563086,23197.12753935195,30878.207615309955,25057.840221838083,23900.245453124982
623,60.76744884563086,23197.12753935195,30878.207615309955,25057.840221838083,23900.245453124982
624,60.76744884563086,23197.12753935195,30878.207615309955,25057.840221838083,23900.245453124982
625,60.76744884563086,23197.12753935195,30878.207615309955,25057.840221838083,23900.245453124982
626,60.76744884563086,23197.12753935195,30878.207615309955,25057.840221838083,23900.245453124982
627,60.76744884563086,23197.12753935195,30878.207615309955,25057.840221838083,23900.245453124982
628,60.76744884563086,23197.12753935195,30878.207615309955,25057.840221838083,23900.245453124982
629,60.76744884563086,23197.12753935195,30878.207615309955,25057.840221838083,23900.245453124982
630,60.76744884563086,23197.12753935195,30878.207615309955,25057.840221838083,23900.245453124982
631,60.76744884563086,23197.12753935195,30878.207615309955,25057.840221838083,23900.245453124982
632,60.76744884563086,23197.12753935195,30878.207615309955,25057.840221838083,23900.245453124982
633,60.76744884563086,23197.12753935195,30878.207615309955,25057.840221838083,23900.245453124982
634,60.76744884563086,23197.12753935195,30878.207615309955,25057.840221838083,23900.245453124982
635,60.76744884563086,23197.12753935195,30878.207615309955,25057.840221838083,23900.245453124982
636,60.76744884563086,23197.12753935195,30878.207615309955,25057.840221838083,23900.245453124982
637,60.76744884563086,23197.12753935195,30878.207615309955,25057.840221838083,23900.245453124982
638,60.76744884563086,23197.12753935195,30878.207615309955,25057.840221838083,23900.245453124982
639,60.76744884563086,23197.12753935195,30878.207615309955,25057.840221838083,23900.245453124982
640,60.76744884563086,23197.12753935195,30878.207615309955,25057.840221838083,23900.245453124982
641,60.76744884563086,23197.12753935195,30878.207615309955,25057.840221838083,23900.245453124982
642,60.76744884563086,23197.12753935195,30878.207615309955,25057.840221838083,23900.245453124982
643,60.76744884563086,23197.12753935195,30878.207615309955,25057.840221838083,23900.245453124982
644,60.76744884563086,23197.12753935195,30878.207615309955,25057.840221838083,23900.245453124982
645,60.76744884563086,23197.12753935195,30878.207615309955,25057.840221838083,23900.245453124982
646,60.76744884563086,23197.12753935195,30878.207615309955,25057.840221838083,23900.245453124982
647,60.76744884563086,23197.12753935195,30878.207615309955,25057.840221838083,23900.245453124982
648,60.76744884563086,23197.12753935195,30878.207615309955,25057.840221838083,23900.245453124982
649,60.76744884563086,23197.12753935195,30878.207615309955,25057.840221838083,23900.245453124982
650,60.76744884563086,23197.12753935195,30878.207615309955,25057.840221838083,23900.245453124982
651,60.76744884563086,23197.12753935195,30878.207615309955,25057.840221838083,23900.245453124982
652,60.76744884563086,23197.12753935195,30878.207615309955,25057.840221838083,23900.245453124982
653,60.76744884563086,23197.12753935195,30878.207615309955,25057.840221838083,23900.245453124982
654,60.76744884563086,23197.12753935195,30878.207615309955,25057.840221838083,23900.245453124982
655,60.76744884563086,23197.12753935195,30878.207615309955,25057.840221838083,23900.245453124982
656,60.76744884563086,23197.12753935195,30878.207615309955,25057.840221838083,23900.245453124982
657,60.76744884563086,23197.12753935195,30878.207615309955,25057.840221838083,23900.245453124982
658,60.76744884563086,23197.12753935195,30878.207615309955,25057.840221838083,23900.245453124982
659,60.76744884563086,23197.12753935195,30878.207615309955,25057.840221838083,23900.245453124982
660,60.76744884563086,23197.12753935195,30878.207615309955,25057.840221838083,23900.245453124982
661,60.76744884563086,23197.12753935195,30878.207615309955,25057.840221838083,23900.245453124982
662,60.76744884563086,23197.12753935195,30878.207615309955,25057.840221838083,23900.245453124982
663,60.76744884563086,23197.12753935195,30878.207615309955,25057.840221838083,23900.245453124982
664,60.76744884563086,23197.12753935195,30878.207615309955,25057.840221838083,23900.245453124982
665,60.76744884563086,23197.12753935195,30878.207615309955,25057.840221838083,23900.245453124982
666,60.76744884563086,23197.12753935195,30878.207615309955,25057.840221838083,23900.245453124982
667,60.76744884563086,23197.12753935195,30878.207615309955,25057.840221838083,23900.245453124982
668,60.76744884563086,23197.12753935195,30878.207615309955,25057.840221838083,23900.245453124982
669,60.76744884563086,23197.12753935195,30878.207615309955,25057.840221838083,23900.245453124982
670,60.76744884563086,23197.12753935195,30878.207615309955,25057.840221838083,23900.245453124982
671,60.76744884563086,23197.12753935195,30878.207615309955,25057.840221838083,23900.245453124982
672,60.76744884563086,23197.12753935195,30878.207615309955,25057.840221838083,23900.245453124982
673,60.76744884563086,23197.12753935195,30878.207615309955,25057.840221838083,23900.245453124982
674,60.76744884563086,23197.12753935195,30878.207615309955,25057.840221838083,23900.245453124982
675,60.76744884563086,23197.12753935195,30878.207615309955,25057.840221838083,23900.245453124982
676,60.76744884563086,23197.12753935195,30878.207615309955,25057.840221838083,23900.245453124982
677,60.76744884563086,23197.12753935195,30878.207615309955,25057.840221838083,23900.245453124982
678,60.76744884563086,23197.12753935195,30878.207615309955,25057.840221838083,23900.245453124982
679,60.76744884563086,23197.12753935195,30878.207615309955,25057.840221838083,23900.245453124982
680,60.76744884563086,23197.12753935195,30878.207615309955,25057.840221838083,23900.245453124982
681,60.76744884563086,23197.12753935195,30878.207615309955,25057.840221838083,23900.245453124982
682,60.76744884563086,23197.12753935195,30878.207615309955,25057.840221838083,23900.245453124982
683,60.76744884563086,23197.12753935195,30878.207615309955,25057.840221838083,23900.245453124982
684,60.76744884563086,23197.12753935195,30878.207615309955,25057.840221838083,23900.245453124982
685,60.76744884563086,23197.12753935195,30878.207615309955,25057.840221838083,23900.245453124982
686,60.76744884563086,23197.12753935195,30878.207615309955,25057.840221838083,23900.245453124982
687,60.76744884563086,23197.12753935195,30878.207615309955,25057.840221838083,23900.245453124982
688,60.76744884563086,23197.12753935195,30878.207615309955,25057.840221838083,23900.245453124982
689,60.76744884563086,23197.12753935195,30878.207615309955,25057.840221838083,23900.245453124982
690,60.76744884563086,23197.12753935195,30878.207615309955,25057.840221838083,23900.245453124982
691,60.76744884563086,23197.12753935195,30878.207615309955,25057.840221838083,23900.245453124982
692,60.76744884563086,23197.12753935195,30878.207615309955,25057.840221838083,23900.245453124982
693,60.76744884563086,23197.12753935195,30878.207615309955,25057.840221838083,23900.245453124982
694,60.76744884563086,23197.12753935195,30878.207615309955,25057.840221838083,23900.245453124982
695,60.76744884563086,23197.12753935195,30878.207615309955,25057.840221838083,23900.245453124982
696,60.76744884563086,23197.12753935195,30878.207615309955,25057.840221838083,23900.245453124982
697,60.76744884563086,23197.12753935195,30878.207615309955,25057.840221838083,23900.245453124982
698,60.76744884563086,23197.12753935195,30878.207615309955,25057.840221838083,23900.245453124982
699,60.76744884563086,23197.12753935195,30878.207615309955,25057.840221838083,23900.245453124982
700,60.76744884563086,23197.12753935195,30878.207615309955,25057.840221838083,23900.245453124982
701,60.76744884563086,23197.12753935195,30878.207615309955,25057.840221838083,23900.245453124982
702,60.76744884563086,23197.12753935195,30878.207615309955,25057.840221838083,23900.245453124982
703,60.76744884563086,23197.12753935195,30878.207615309955,25057.840221838083,23900.245453124982
704,60.76744884563086,23197.12753935195,30878.207615309955,25057.840221838083,23900.245453124982
705,60.76744884563086,23197.12753935195,30878.207615309955,25057.840221838083,23900.245453124982
706,60.76744884563086,23197.12753935195,30878.207615309955,25057.840221838083,23900.245453124982
707,60.76744884563086,23197.12753935195,30878.207615309955,25057.840221838083,23900.245453124982
708,60.76744884563086,23197.12753935195,30878.207615309955,25057.840221838083,23900.245453124982
709,60.76744884563086,23197.12753935195,30878.207615309955,25057.840221838083,23900.245453124982
710,60.76744884563086,23197.12753935195,30878.207615309955,25057.840221838083,23900.245453124982
711,60.76744884563086,23197.12753935195,30878.207615309955,25057.840221838083,23900.245453124982
712,60.76744884563086,23197.12753935195,30878.207615309955,25057.840221838083,23900.245453124982
713,60.76744884563086,23197.12753935195,30878.207615309955,25057.840221838083,23900.245453124982
714,60.76744884563086,23197.12753935195,30878.207615309955,25057.840221838083,23900.245453124982
715,60.76744884563086,23197.12753935195,30878.207615309955,25057.840221838083,23900.245453124982
716,60.76744884563086,23197.12753935195,30878.207615309955,25057.840221838083,23900.245453124982
717,60.76744884563086,23197.12753935195,30878.207615309955,25057.840221838083,23900.245453124982
718,60.76744884563086,23197.12753935195,30878.207615309955,25057.840221838083,23900.245453124982
719,60.76744884563086,23197.12753935195,30878.207615309955,25057.840221838083,23900.245453124982
720,60.76744884563086,23197.12753935195,30878.207615309955,25057.840221838083,23900.245453124982
721,60.76744884563086,23197.12753935195,30878.207615309955,25057.840221838083,23900.245453124982
722,60.76744884563086,23197.12753935195,30878.207615309955,25057.840221838083,23900.245453124982
723,60.76744884563086,23197.12753935195,30878.207615309955,25057.840221838083,23900.245453124982
724,60.76744884563086,23197.12753935195,30878.207615309955,25057.840221838083,23900.245453124982
725,60.76744884563086,23197.12753935195,30878.207615309955,25057.840221838083,23900.245453124982
726,60.76744884563086,23197.12753935195,30878.207615309955,25057.840221838083,23900.245453124982
727,60.76744884563086,23197.12753935195,30878.207615309955,25057.840221838083,23900.245453124982
728,60.76744884563086,23197.12753935195,30878.207615309955,25057.840221838083,23900.245453124982
729,60.76744884563086,23197.12753935195,30878.207615309955,25057.840221838083,23900.245453124982
730,60.76744884563086,23197.12753935195,30878.207615309955,25057.840221838083,23900.245453124982
731,60.76744884563086,23197.12753935195,30878.207615309955,25057.840221838083,23900.245453124982
732,60.76744884563086,23197.12753935195,30878.207615309955,25057.840221838083,23900.245453124982
733,60.76744884563086,23197.12753935195,30878.207615309955,25057.840221838083,23900.245453124982
734,60.76744884563086,23197.12753935195,30878.207615309955,25057.840221838083,23900.245453124982
735,60.76744884563086,23197.12753935195,30878.207615309955,25057.840221838083,23900.245453124982
736,60.76744884563086,23197.12753935195,30878.207615309955,25057.840221838083,23900.245453124982
737,60.76744884563086,23197.12753935195,30878.207615309955,25057.840221838083,23900.245453124982
738,60.76744884563086,23197.12753935195,30878.207615309955,25057.840221838083,23900.245453124982
739,60.76744884563086,23197.12753935195,30878.207615309955,25057.840221838083,23900.245453124982
740,60.76744884563086,23197.12753935195,30878.207615309955,25057.840221838083,23900.245453124982
741,60.76744884563086,23197.12753935195,30878.207615309955,25057.840221838083,23900.245453124982
742,60.76744884563086,23197.12753935195,30878.207615309955,25057.840221838083,23900.245453124982
743,60.76744884563086,23197.12753935195,30878.207615309955,25057.840221838083,23900.245453124982
744,60.76744884563086,23197.12753935195,30878.207615309955,25057.840221838083,23900.245453124982
745,60.76744884563086,23197.12753935195,30878.207615309955,25057.840221838083,23900.245453124982
746,60.76744884563086,23197.12753935195,30878.207615309955,25057.840221838083,23900.245453124982
747,60.76744884563086,23197.12753935195,30878.207615309955,25057.840221838083,23900.245453124982
748,60.76744884563086,23197.12753935195,30878.207615309955,25057.840221838083,23900.245453124982
749,60.76744884563086,23197.12753935195,30878.207615309955,25057.840221838083,23900.245453124982
750,60.76744884563086,23197.12753935195,30878.207615309955,25057.840221838083,23900.245453124982
751,60.76744884563086,23197.12753935195,30878.207615309955,25057.840221838083,23900.245453124982
752,60.76744884563086,23197.12753935195,30878.207615309955,25057.840221838083,23900.245453124982
753,60.76744884563086,23197.12753935195,30878.207615309955,25057.840221838083,23900.245453124982
754,60.76744884563086,23197.12753935195,30878.207615309955,25057.840221838083,23900.245453124982
755,60.76744884563086,23197.12753935195,30878.207615309955,25057.840221838083,23900.245453124982
756,60.76744884563086,23197.12753935195,30878.207615309955,25057.840221838083,23900.245453124982
757,60.76744884563086,23197.12753935195,30878.207615309955,25057.840221838083,23900.245453124982
758,60.76744884563086,23197.12753935195,30878.207615309955,25057.840221838083,23900.245453124982
759,60.76744884563086,23197.12753935195,30878.207615309955,25057.840221838083,23900.245453124982
760,60.76744884563086,23197.12753935195,30878.207615309955,25057.840221838083,23900.245453124982
761,60.76744884563086,23197.12753935195,30878.207615309955,25057.840221838083,23900.245453124982
762,60.76744884563086,23197.12753935195,30878.207615309955,25057.840221838083,23900.245453124982
763,60.76744884563086,23197.12753935195,30878.207615309955,25057.840221838083,23900.245453124982
764,60.76744884563086,23197.12753935195,30878.207615309955,25057.840221838083,23900.245453124982
765,60.76744884563086,23197.12753935195,30878.207615309955,25057.840221838083,23900.245453124982
766,60.76744884563086,23197.12753935195,30878.207615309955,25057.840221838083,23900.245453124982
767,60.76744884563086,23197.12753935195,30878.207615309955,25057.840221838083,23900.245453124982
768,60.76744884563086,23197.12753935195,30878.207615309955,25057.840221838083,23900.245453124982
769,60.76744884563086,23197.12753935195,30878.207615309955,25057.840221838083,23900.245453124982
770,60.76744884563086,23197.12753935195,30878.207615309955,25057.840221838083,23900.245453124982
771,60.76744884563086,23197.12753935195,30878.207615309955,25057.840221838083,23900.245453124982
772,60.76744884563086,23197.12753935195,30878.207615309955,25057.840221838083,23900.245453124982
773,60.76744884563086,23197.12753935195,30878.207615309955,25057.840221838083,23900.245453124982
774,60.76744884563086,23197.12753935195,30878.207615309955,25057.840221838083,23900.245453124982
775,60.76744884563086,23197.12753935195,30878.207615309955,25057.840221838083,23900.245453124982
776,60.76744884563086,23197.12753935195,30878.207615309955,25057.840221838083,23900.245453124982
777,60.76744884563086,23197.12753935195,30878.207615309955,25057.840221838083,23900.245453124982
778,60.76744884563086,23197.12753935195,30878.207615309955,25057.840221838083,23900.245453124982
779,60.76744884563086,23197.12753935195,30878.207615309955,25057.840221838083,23900.245453124982
780,60.76744884563086,23197.12753935195,30878.207615309955,25057.840221838083,23900.245453124982
781,60.76744884563086,23197.12753935195,30878.207615309955,25057.840221838083,23900.245453124982
782,60.76744884563086,23197.12753935195,30878.207615309955,25057.840221838083,23900.245453124982
783,60.76744884563086,23197.12753935195,30878.207615309955,25057.840221838083,23900.245453124982
784,60.76744884563086,23197.12753935195,30878.207615309955,25057.840221838083,23900.245453124982
785,60.76744884563086,23197.12753935195,30878.207615309955,25057.840221838083,23900.245453124982
786,60.76744884563086,23197.12753935195,30878.207615309955,25057.840221838083,23900.245453124982
787,60.76744884563086,23197.12753935195,30878.207615309955,25057.840221838083,23900.245453124982
788,60.76744884563086,23197.12753935195,30878.207615309955,25057.840221838083,23900.245453124982
789,60.76744884563086,23197.12753935195,30878.207615309955,25057.840221838083,23900.245453124982
790,60.76744884563086,23197.12753935195,30878.207615309955,25057.840221838083,23900.245453124982
791,60.76744884563086,23197.12753935195,30878.207615309955,25057.840221838083,23900.245453124982
792,60.76744884563086,23197.12753935195,30878.207615309955,25057.840221838083,23900.245453124982
793,60.76744884563086,23197.12753935195,30878.207615309955,25057.840221838083,23900.245453124982
794,60.76744884563086,23197.12753935195,30878.207615309955,25057.840221838083,23900.245453124982
795,60.76744884563086,23197.12753935195,30878.207615309955,25057.840221838083,23900.245453124982
796,60.76744884563086,23197.12753935195,30878.207615309955,25057.840221838083,23900.245453124982
797,60.76744884563086,23197.12753935195,30878.207615309955,25057.840221838083,23900.245453124982
798,60.76744884563086,23197.12753935195,30878.207615309955,25057.840221838083,23900.245453124982
799,60.76744884563086,23197.12753935195,30878.207615309955,25057.840221838083,23900.245453124982
800,60.76744884563086,23197.12753935195,30878.207615309955,25057.840221838083,23900.245453124982
801,60.76744884563086,23197.12753935195,30878.207615309955,25057.840221838083,23900.245453124982
802,60.76744884563086,23197.12753935195,30878.207615309955,25057.840221838083,23900.245453124982
803,60.76744884563086,23197.12753935195,30878.207615309955,25057.840221838083,23900.245453124982
804,60.76744884563086,23197.12753935195,30878.207615309955,25057.840221838083,23900.245453124982
805,60.76744884563086,23197.12753935195,30878.207615309955,25057.840221838083,23900.245453124982
806,60.76744884563086,23197.12753935195,30878.207615309955,25057.840221838083,23900.245453124982
807,60.76744884563086,23197.12753935195,30878.207615309955,25057.840221838083,23900.245453124982
808,60.76744884563086,23197.12753935195,30878.207615309955,25057.840221838083,23900.245453124982
809,60.76744884563086,23197.12753935195,30878.207615309955,25057.840221838083,23900.245453124982
810,60.76744884563086,23197.12753935195,30878.207615309955,25057.840221838083,23900.245453124982
811,60.76744884563086,23197.12753935195,30878.207615309955,25057.840221838083,23900.245453124982
812,60.76744884563086,23197.12753935195,30878.207615309955,25057.840221838083,23900.245453124982
813,60.76744884563086,23197.12753935195,30878.207615309955,25057.840221838083,23900.245453124982
814,60.76744884563086,23197.12753935195,30878.207615309955,25057.840221838083,23900.245453124982
815,60.76744884563086,23197.12753935195,30878.207615309955,25057.840221838083,23900.245453124982
816,60.76744884563086,23197.12753935195,30878.207615309955,25057.840221838083,23900.245453124982
817,60.76744884563086,23197.12753935195,30878.207615309955,25057.840221838083,23900.245453124982
818,60.76744884563086,23197.12753935195,30878.207615309955,25057.840221838083,23900.245453124982
819,60.76744884563086,23197.12753935195,30878.207615309955,25057.840221838083,23900.245453124982
820,60.76744884563086,23197.12753935195,30878.207615309955,25057.840221838083,23900.245453124982
821,60.76744884563086,23197.12753935195,30878.207615309955,25057.840221838083,23900.245453124982
822,60.76744884563086,23197.12753935195,30878.207615309955,25057.840221838083,23900.245453124982
823,60.76744884563086,23197.12753935195,30878.207615309955,25057.840221838083,23900.245453124982
824,60.76744884563086,23197.12753935195,30878.207615309955,25057.840221838083,23900.245453124982
825,60.76744884563086,23197.12753935195,30878.207615309955,25057.840221838083,23900.245453124982
826,60.76744884563086,23197.12753935195,30878.207615309955,25057.840221838083,23900.245453124982
827,60.76744884563086,23197.12753935195,30878.207615309955,25057.840221838083,23900.245453124982
828,60.76744884563086,23197.12753935195,30878.207615309955,25057.840221838083,23900.245453124982
829,60.76744884563086,23197.12753935195,30878.207615309955,25057.840221838083,23900.245453124982
830,60.76744884563086,23197.12753935195,30878.207615309955,25057.840221838083,23900.245453124982
831,60.76744884563086,23197.12753935195,30878.207615309955,25057.840221838083,23900.245453124982
832,60.76744884563086,23197.12753935195,30878.207615309955,25057.840221838083,23900.245453124982
833,60.76744884563086,23197.12753935195,30878.207615309955,25057.840221838083,23900.245453124982
834,60.76744884563086,23197.12753935195,30878.207615309955,25057.840221838083,23900.245453124982
835,60.76744884563086,23197.12753935195,30878.207615309955,25057.840221838083,23900.245453124982
836,60.76744884563086,23197.12753935195,30878.207615309955,25057.840221838083,23900.245453124982
837,60.76744884563086,23197.12753935195,30878.207615309955,25057.840221838083,23900.245453124982
838,60.76744884563086,23197.12753935195,30878.207615309955,25057.840221838083,23900.245453124982
839,60.76744884563086,23197.12753935195,30878.207615309955,25057.840221838083,23900.245453124982
840,60.76744884563086,23197.12753935195,30878.207615309955,25057.840221838083,23900.245453124982
841,60.76744884563086,23197.12753935195,30878.207615309955,25057.840221838083,23900.245453124982
842,60.76744884563086,23197.12753935195,30878.207615309955,25057.840221838083,23900.245453124982
843,60.76744884563086,23197.12753935195,30878.207615309955,25057.840221838083,23900.245453124982
844,60.76744884563086,23197.12753935195,30878.207615309955,25057.840221838083,23900.245453124982
845,60.76744884563086,23197.12753935195,30878.207615309955,25057.840221838083,23900.245453124982
846,60.76744884563086,23197.12753935195,30878.207615309955,25057.840221838083,23900.245453124982
847,60.76744884563086,23197.12753935195,30878.207615309955,25057.840221838083,23900.245453124982
848,60.76744884563086,23197.12753935195,30878.207615309955,25057.840221838083,23900.245453124982
849,60.76744884563086,23197.12753935195,30878.207615309955,25057.840221838083,23900.245453124982
850,60.76744884563086,23197.12753935195,30878.207615309955,25057.840221838083,23900.245453124982
851,60.76744884563086,23197.12753935195,30878.207615309955,25057.840221838083,23900.245453124982
852,60.76744884563086,23197.12753935195,30878.207615309955,25057.840221838083,23900.245453124982
853,60.76744884563086,23197.12753935195,30878.207615309955,25057.840221838083,23900.245453124982
854,60.76744884563086,23197.12753935195,30878.207615309955,25057.840221838083,23900.245453124982
855,60.76744884563086,23197.12753935195,30878.207615309955,25057.840221838083,23900.245453124982
856,60.76744884563086,23197.12753935195,30878.207615309955,25057.840221838083,23900.245453124982
857,60.76744884563086,23197.12753935195,30878.207615309955,25057.840221838083,23900.245453124982
858,60.76744884563086,23197.12753935195,30878.207615309955,25057.840221838083,23900.245453124982
859,60.76744884563086,23197.12753935195,30878.207615309955,25057.840221838083,23900.245453124982
860,60.76744884563086,23197.12753935195,30878.207615309955,25057.840221838083,23900.245453124982
861,60.76744884563086,23197.12753935195,30878.207615309955,25057.840221838083,23900.245453124982
862,60.76744884563086,23197.12753935195,30878.207615309955,25057.840221838083,23900.245453124982
863,60.76744884563086,23197.12753935195,30878.207615309955,25057.840221838083,23900.245453124982
864,60.76744884563086,23197.12753935195,30878.207615309955,25057.840221838083,23900.245453124982
865,60.76744884563086,23197.12753935195,30878.207615309955,25057.840221838083,23900.245453124982
866,60.76744884563086,23197.12753935195,30878.207615309955,25057.840221838083,23900.245453124982
867,60.76744884563086,23197.12753935195,30878.207615309955,25057.840221838083,23900.245453124982
868,60.76744884563086,23197.12753935195,30878.207615309955,25057.840221838083,23900.245453124982
869,60.76744884563086,23197.12753935195,30878.207615309955,25057.840221838083,23900.245453124982
870,60.76744884563086,23197.12753935195,30878.207615309955,25057.840221838083,23900.245453124982
871,60.76744884563086,23197.12753935195,30878.207615309955,25057.840221838083,23900.245453124982
872,60.76744884563086,23197.12753935195,30878.207615309955,25057.840221838083,23900.245453124982
873,60.76744884563086,23197.12753935195,30878.207615309955,25057.840221838083,23900.245453124982
874,60.76744884563086,23197.12753935195,30878.207615309955,25057.840221838083,23900.245453124982
875,60.76744884563086,23197.12753935195,30878.207615309955,25057.840221838083,23900.245453124982
876,60.76744884563086,23197.12753935195,30878.207615309955,25057.840221838083,23900.245453124982
877,60.76744884563086,23197.12753935195,30878.207615309955,25057.840221838083,23900.245453124982
878,60.76744884563086,23197.12753935195,30878.207615309955,25057.840221838083,23900.245453124982
879,60.76744884563086,23197.12753935195,30878.207615309955,25057.840221838083,23900.245453124982
880,60.76744884563086,23197.12753935195,30878.207615309955,25057.840221838083,23900.245453124982
881,60.76744884563086,23197.12753935195,30878.207615309955,25057.840221838083,23900.245453124982
882,60.76744884563086,23197.12753935195,30878.207615309955,25057.840221838083,23900.245453124982
883,60.76744884563086,23197.12753935195,30878.207615309955,25057.840221838083,23900.245453124982
884,60.76744884563086,23197.12753935195,30878.207615309955,25057.840221838083,23900.245453124982
885,60.76744884563086,23197.12753935195,30878.207615309955,25057.840221838083,23900.245453124982
886,60.76744884563086,23197.12753935195,30878.207615309955,25057.840221838083,23900.245453124982
887,60.76744884563086,23197.12753935195,30878.207615309955,25057.840221838083,23900.245453124982
888,60.76744884563086,23197.12753935195,30878.207615309955,25057.840221838083,23900.245453124982
889,60.76744884563086,23197.12753935195,30878.207615309955,25057.840221838083,23900.245453124982
890,60.76744884563086,23197.12753935195,30878.207615309955,25057.840221838083,23900.245453124982
891,60.76744884563086,23197.12753935195,30878.207615309955,25057.840221838083,23900.245453124982
892,60.76744884563086,23197.12753935195,30878.207615309955,25057.840221838083,23900.245453124982
893,60.76744884563086,23197.12753935195,30878.207615309955,25057.840221838083,23900.245453124982
894,60.76744884563086,23197.12753935195,30878.207615309955,25057.840221838083,23900.245453124982
895,60.76744884563086,23197.12753935195,30878.207615309955,25057.840221838083,23900.245453124982
896,60.76744884563086,23197.12753935195,30878.207615309955,25057.840221838083,23900.245453124982
897,60.76744884563086,23197.12753935195,30878.207615309955,25057.840221838083,23900.245453124982
898,60.76744884563086,23197.12753935195,30878.207615309955,25057.840221838083,23900.245453124982
899,60.76744884563086,23197.12753935195,30878.207615309955,25057.840221838083,23900.245453124982
900,60.76744884563086,23197.12753935195,30878.207615309955,25057.840221838083,23900.245453124982
901,60.76744884563086,23197.12753935195,30878.207615309955,25057.840221838083,23900.245453124982
902,60.76744884563086,23197.12753935195,30878.207615309955,25057.840221838083,23900.245453124982
903,60.76744884563086,23197.12753935195,30878.207615309955,25057.840221838083,23900.245453124982
904,60.76744884563086,23197.12753935195,30878.207615309955,25057.840221838083,23900.245453124982
905,60.76744884563086,23197.12753935195,30878.207615309955,25057.840221838083,23900.245453124982
906,60.76744884563086,23197.12753935195,30878.207615309955,25057.840221838083,23900.245453124982
907,60.76744884563086,23197.12753935195,30878.207615309955,25057.840221838083,23900.245453124982
908,60.76744884563086,23197.12753935195,30878.207615309955,25057.840221838083,23900.245453124982
909,60.76744884563086,23197.12753935195,30878.207615309955,25057.840221838083,23900.245453124982
910,60.76744884563086,23197.12753935195,30878.207615309955,25057.840221838083,23900.245453124982
911,60.76744884563086,23197.12753935195,30878.207615309955,25057.840221838083,23900.245453124982
912,60.76744884563086,23197.12753935195,30878.207615309955,25057.840221838083,23900.245453124982
913,60.76744884563086,23197.12753935195,30878.207615309955,25057.840221838083,23900.245453124982
914,60.76744884563086,23197.12753935195,30878.207615309955,25057.840221838083,23900.245453124982
915,60.76744884563086,23197.12753935195,30878.207615309955,25057.840221838083,23900.245453124982
916,60.76744884563086,23197.12753935195,30878.207615309955,25057.840221838083,23900.245453124982
917,60.76744884563086,23197.12753935195,30878.207615309955,25057.840221838083,23900.245453124982
918,60.76744884563086,23197.12753935195,30878.207615309955,25057.840221838083,23900.245453124982
919,60.76744884563086,23197.12753935195,30878.207615309955,25057.840221838083,23900.245453124982
920,60.76744884563086,23197.12753935195,30878.207615309955,25057.840221838083,23900.245453124982
921,60.76744884563086,23197.12753935195,30878.207615309955,25057.840221838083,23900.245453124982
922,60.76744884563086,23197.12753935195,30878.207615309955,25057.840221838083,23900.245453124982
923,60.76744884563086,23197.12753935195,30878.207615309955,25057.840221838083,23900.245453124982
924,60.76744884563086,23197.12753935195,30878.207615309955,25057.840221838083,23900.245453124982
925,60.76744884563086,23197.12753935195,30878.207615309955,25057.840221838083,23900.245453124982
926,60.76744884563086,23197.12753935195,30878.207615309955,25057.840221838083,23900.245453124982
927,60.76744884563086,23197.12753935195,30878.207615309955,25057.840221838083,23900.245453124982
928,60.76744884563086,23197.12753935195,30878.207615309955,25057.840221838083,23900.245453124982
929,60.76744884563086,23197.12753935195,30878.207615309955,25057.840221838083,23900.245453124982
930,60.76744884563086,23197.12753935195,30878.207615309955,25057.840221838083,23900.245453124982
931,60.76744884563086,23197.12753935195,30878.207615309955,25057.840221838083,23900.245453124982
932,60.76744884563086,23197.12753935195,30878.207615309955,25057.840221838083,23900.245453124982
933,60.76744884563086,23197.12753935195,30878.207615309955,25057.840221838083,23900.245453124982
934,60.76744884563086,23197.12753935195,30878.207615309955,25057.840221838083,23900.245453124982
935,60.76744884563086,23197.12753935195,30878.207615309955,25057.840221838083,23900.245453124982
936,60.76744884563086,23197.12753935195,30878.207615309955,25057.840221838083,23900.245453124982
937,60.76744884563086,23197.12753935195,30878.207615309955,25057.840221838083,23900.245453124982
938,60.76744884563086,23197.12753935195,30878.207615309955,25057.840221838083,23900.245453124982
939,60.76744884563086,23197.12753935195,30878.207615309955,25057.840221838083,23900.245453124982
940,60.76744884563086,23197.12753935195,30878.207615309955,25057.840221838083,23900.245453124982
941,60.76744884563086,23197.12753935195,30878.207615309955,25057.840221838083,23900.245453124982
942,60.76744884563086,23197.12753935195,30878.207615309955,25057.840221838083,23900.245453124982
943,60.76744884563086,23197.12753935195,30878.207615309955,25057.840221838083,23900.245453124982
944,60.76744884563086,23197.12753935195,30878.207615309955,25057.840221838083,23900.245453124982
945,60.76744884563086,23197.12753935195,30878.207615309955,25057.840221838083,23900.245453124982
946,60.76744884563086,23197.12753935195,30878.207615309955,25057.840221838083,23900.245453124982
947,60.76744884563086,23197.12753935195,30878.207615309955,25057.840221838083,23900.245453124982
948,60.76744884563086,23197.12753935195,30878.207615309955,25057.840221838083,23900.245453124982
949,60.76744884563086,23197.12753935195,30878.207615309955,25057.840221838083,23900.245453124982
950,60.76744884563086,23197.12753935195,30878.207615309955,25057.840221838083,23900.245453124982
951,60.76744884563086,23197.12753935195,30878.207615309955,25057.840221838083,23900.245453124982
952,60.76744884563086,23197.12753935195,30878.207615309955,25057.840221838083,23900.245453124982
953,60.76744884563086,23197.12753935195,30878.207615309955,25057.840221838083,23900.245453124982
954,60.76744884563086,23197.12753935195,30878.207615309955,25057.840221838083,23900.245453124982
955,60.76744884563086,23197.12753935195,30878.207615309955,25057.840221838083,23900.245453124982
956,60.76744884563086,23197.12753935195,30878.207615309955,25057.840221838083,23900.245453124982
957,60.76744884563086,23197.12753935195,30878.207615309955,25057.840221838083,23900.245453124982
958,60.76744884563086,23197.12753935195,30878.207615309955,25057.840221838083,23900.245453124982
959,60.76744884563086,23197.12753935195,30878.207615309955,25057.840221838083,23900.245453124982
960,60.76744884563086,23197.12753935195,30878.207615309955,25057.840221838083,23900.245453124982
961,60.76744884563086,23197.12753935195,30878.207615309955,25057.840221838083,23900.245453124982
962,60.76744884563086,23197.12753935195,30878.207615309955,25057.840221838083,23900.245453124982
963,60.76744884563086,23197.12753935195,30878.207615309955,25057.840221838083,23900.245453124982
964,60.76744884563086,23197.12753935195,30878.207615309955,25057.840221838083,23900.245453124982
965,60.76744884563086,23197.12753935195,30878.207615309955,25057.840221838083,23900.245453124982
966,60.76744884563086,23197.12753935195,30878.207615309955,25057.840221838083,23900.245453124982
967,60.76744884563086,23197.12753935195,30878.207615309955,25057.840221838083,23900.245453124982
968,60.76744884563086,23197.12753935195,30878.207615309955,25057.840221838083,23900.245453124982
969,60.76744884563086,23197.12753935195,30878.207615309955,25057.840221838083,23900.245453124982
970,60.76744884563086,23197.12753935195,30878.207615309955,25057.840221838083,23900.245453124982
971,60.76744884563086,23197.12753935195,30878.207615309955,25057.840221838083,23900.245453124982
972,60.76744884563086,23197.12753935195,30878.207615309955,25057.840221838083,23900.245453124982
973,60.76744884563086,23197.12753935195,30878.207615309955,25057.840221838083,23900.245453124982
974,60.76744884563086,23197.12753935195,30878.207615309955,25057.840221838083,23900.245453124982
975,60.76744884563086,23197.12753935195,30878.207615309955,25057.840221838083,23900.245453124982
976,60.76744884563086,23197.12753935195,30878.207615309955,25057.840221838083,23900.245453124982
977,60.76744884563086,23197.12753935195,30878.207615309955,25057.840221838083,23900.245453124982
978,60.76744884563086,23197.12753935195,30878.207615309955,25057.840221838083,23900.245453124982
979,60.76744884563086,23197.12753935195,30878.207615309955,25057.840221838083,23900.245453124982
980,60.76744884563086,23197.12753935195,30878.207615309955,25057.840221838083,23900.245453124982
981,60.76744884563086,23197.12753935195,30878.207615309955,25057.840221838083,23900.245453124982
982,60.76744884563086,23197.12753935195,30878.207615309955,25057.840221838083,23900.245453124982
983,60.76744884563086,23197.12753935195,30878.207615309955,25057.840221838083,23900.245453124982
984,60.76744884563086,23197.12753935195,30878.207615309955,25057.840221838083,23900.245453124982
985,60.76744884563086,23197.12753935195,30878.207615309955,25057.840221838083,23900.245453124982
986,60.76744884563086,23197.12753935195,30878.207615309955,25057.840221838083,23900.245453124982
987,60.76744884563086,23197.12753935195,30878.207615309955,25057.840221838083,23900.245453124982
988,60.76744884563086,23197.12753935195,30878.207615309955,25057.840221838083,23900.245453124982
989,60.76744884563086,23197.12753935195,30878.207615309955,25057.840221838083,23900.245453124982
990,60.76744884563086,23197.12753935195,30878.207615309955,25057.840221838083,23900.245453124982
991,60.76744884563086,23197.12753935195,30878.207615309955,25057.840221838083,23900.245453124982
992,60.76744884563086,23197.12753935195,30878.207615309955,25057.840221838083,23900.245453124982
993,60.76744884563086,23197.12753935195,30878.207615309955,25057.840221838083,23900.245453124982
994,60.76744884563086,23197.12753935195,30878.207615309955,25057.840221838083,23900.245453124982
995,60.76744884563086,23197.12753935195,30878.207615309955,25057.840221838083,23900.245453124982
996,60.76744884563086,23197.12753935195,30878.207615309955,25057.840221838083,23900.245453124982
997,60.76744884563086,23197.12753935195,30878.207615309955,25057.840221838083,23900.245453124982
998,60.76744884563086,23197.12753935195,30878.207615309955,25057.840221838083,23900.245453124982
999,60.76744884563086,23197.12753935195,30878.207615309955,25057.840221838083,23900.245453124982
