,eso_f4_0,eso_f4_1,eso_f4_2,eso_f4_3,eso_f4_4
0,42579.20015340141,46223.234410678364,20811.133905815885,25208.087977478586,27982.342565652554
1,42579.20015340141,46223.234410678364,20811.133905815885,25208.087977478586,27982.342565652554
2,42579.20015340141,46223.234410678364,20811.133905815885,25208.087977478586,27982.342565652554
3,42579.20015340141,46223.234410678364,20811.133905815885,25208.087977478586,27982.342565652554
4,42579.20015340141,46223.234410678364,20811.133905815885,25208.087977478586,27982.342565652554
5,42579.20015340141,46223.234410678364,20811.133905815885,25208.087977478586,27982.342565652554
6,42579.20015340141,46223.234410678364,20811.133905815885,25208.087977478586,27982.342565652554
7,42579.20015340141,46223.234410678364,20811.133905815885,25208.087977478586,27982.342565652554
8,42579.20015340141,46223.234410678364,20811.133905815885,25208.087977478586,27982.342565652554
9,42579.20015340141,46223.234410678364,20811.133905815885,25208.087977478586,27982.342565652554
10,42579.20015340141,46223.234410678364,20811.133905815885,25208.087977478586,27982.342565652554
11,42579.20015340141,46223.234410678364,20811.133905815885,25208.087977478586,27982.342565652554
12,42579.20015340141,46223.234410678364,20811.133905815885,25208.087977478586,27982.342565652554
13,42579.20015340141,46223.234410678364,20811.133905815885,25208.087977478586,27982.342565652554
14,42579.20015340141,46223.234410678364,20811.133905815885,25208.087977478586,27982.342565652554
15,42579.20015340141,46223.234410678364,20811.133905815885,25208.087977478586,27982.342565652554
16,42579.20015340141,46223.234410678364,20811.133905815885,25208.087977478586,27982.342565652554
17,42579.20015340141,46223.234410678364,20811.133905815885,25208.087977478586,27982.342565652554
18,42579.20015340141,46223.234410678364,20811.133905815885,25208.087977478586,27982.342565652554
19,42579.20015340141,46223.234410678364,20811.133905815885,25208.087977478586,27982.342565652554
20,42579.20015340141,46223.234410678364,20811.133905815885,25208.087977478586,27982.342565652554
21,42579.20015340141,46223.234410678364,20811.133905815885,25208.087977478586,27982.342565652554
22,42579.20015340141,46223.234410678364,20811.133905815885,25208.087977478586,27982.342565652554
23,42579.20015340141,46223.234410678364,20811.133905815885,25208.087977478586,27982.342565652554
24,42579.20015340141,46223.234410678364,20811.133905815885,25208.087977478586,27982.342565652554
25,42579.20015340141,46223.234410678364,20811.133905815885,25208.087977478586,27982.342565652554
26,42579.20015340141,46223.234410678364,20811.133905815885,25208.087977478586,27982.342565652554
27,42579.20015340141,46223.234410678364,20811.133905815885,25208.087977478586,27982.342565652554
28,42579.20015340141,46223.234410678364,20811.133905815885,25208.087977478586,27982.342565652554
29,42579.20015340141,46223.234410678364,20811.133905815885,25208.087977478586,27982.342565652554
30,42579.20015340141,46223.234410678364,20811.133905815885,25208.087977478586,27982.342565652554
31,42579.20015340141,46223.234410678364,20811.133905815885,25208.087977478586,27982.342565652554
32,42579.20015340141,46223.234410678364,20811.133905815885,25208.087977478586,27982.342565652554
33,42579.20015340141,46223.234410678364,20811.133905815885,25208.087977478586,27982.342565652554
34,42579.20015340141,46223.234410678364,20811.133905815885,25208.087977478586,27982.342565652554
35,42579.20015340141,46223.234410678364,20811.133905815885,25208.087977478586,27982.342565652554
36,42579.20015340141,46223.234410678364,20811.133905815885,25208.087977478586,27982.342565652554
37,42579.20015340141,46223.234410678364,20811.133905815885,25208.087977478586,27982.342565652554
38,42579.20015340141,46223.234410678364,20811.133905815885,25208.087977478586,27982.342565652554
39,42579.20015340141,46223.234410678364,20811.133905815885,25208.087977478586,27982.342565652554
40,42579.20015340141,46223.234410678364,20811.133905815885,25208.087977478586,27982.342565652554
41,42579.20015340141,46223.234410678364,20811.133905815885,25208.087977478586,27982.342565652554
42,42579.20015340141,46223.234410678364,20811.133905815885,25208.087977478586,27982.342565652554
43,42579.20015340141,46223.234410678364,20811.133905815885,25208.087977478586,27982.342565652554
44,42579.20015340141,46223.234410678364,20811.133905815885,25208.087977478586,27982.342565652554
45,42579.20015340141,46223.234410678364,20811.133905815885,25208.087977478586,27982.342565652554
46,42579.20015340141,46223.234410678364,20811.133905815885,25208.087977478586,27982.342565652554
47,42579.20015340141,46223.234410678364,20811.133905815885,25208.087977478586,27982.342565652554
48,42579.20015340141,46223.234410678364,20811.133905815885,25208.087977478586,27982.342565652554
49,42579.20015340141,46223.234410678364,20811.133905815885,25208.087977478586,27982.342565652554
50,42579.20015340141,46223.234410678364,20811.133905815885,25208.087977478586,27982.342565652554
51,42579.20015340141,46223.234410678364,20811.133905815885,25208.087977478586,27982.342565652554
52,42579.20015340141,46223.234410678364,20811.133905815885,25208.087977478586,27982.342565652554
53,42579.20015340141,46223.234410678364,20811.133905815885,25208.087977478586,26691.17664420462
54,42579.20015340141,46223.234410678364,20811.133905815885,25208.087977478586,26613.149521616473
55,42579.20015340141,46223.234410678364,20811.133905815885,25208.087977478586,11661.504185805943
56,42579.20015340141,46223.234410678364,20811.133905815885,25208.087977478586,4502.947100586535
57,42579.20015340141,46223.234410678364,20811.133905815885,25208.087977478586,1360.3604173376496
58,42579.20015340141,46223.234410678364,20811.133905815885,25208.087977478586,499.74157375510686
59,42579.20015340141,46223.234410678364,20811.133905815885,25208.087977478586,182.81554310266773
60,42579.20015340141,46223.234410678364,20811.133905815885,25208.087977478586,97.11148107190934
61,42579.20015340141,46223.234410678364,20811.133905815885,25208.087977478586,72.67385887183896
62,42579.20015340141,46223.234410678364,20811.133905815885,25208.087977478586,65.65739856766747
63,42579.20015340141,46223.234410678364,20811.133905815885,25208.087977478586,62.7263731643316
64,42579.20015340141,46223.234410678364,20811.133905815885,25208.087977478586,61.70119602839038
65,42579.20015340141,46223.234410678364,20811.133905815885,25208.087977478586,61.23112958535346
66,42579.20015340141,46223.234410678364,20811.133905815885,25208.087977478586,61.061864450384306
67,42579.20015340141,46223.234410678364,20811.133905815885,25208.087977478586,61.01473492365763
68,42579.20015340141,46223.234410678364,20811.133905815885,25208.087977478586,60.99673982450605
69,42579.20015340141,46223.234410678364,20811.133905815885,25208.087977478586,60.97580166333587
70,42579.20015340141,46223.234410678364,20811.133905815885,25208.087977478586,60.9691216068142
71,42579.20015340141,46223.234410678364,20811.133905815885,25208.087977478586,60.962248016639165
72,42579.20015340141,46223.234410678364,20811.133905815885,25208.087977478586,60.958341797072194
73,42579.20015340141,46223.234410678364,20811.133905815885,25208.087977478586,60.955902351226705
74,42579.20015340141,46223.234410678364,20811.133905815885,25208.087977478586,60.9540654607183
75,42579.20015340141,46223.234410678364,20811.133905815885,25208.087977478586,60.95320192252032
76,42579.20015340141,46223.234410678364,20811.133905815885,25208.087977478586,60.952851853700814
77,42579.20015340141,46223.234410678364,20811.133905815885,25208.087977478586,60.95266098534939
78,42579.20015340141,46223.234410678364,20811.133905815885,25208.087977478586,60.952576819250005
79,42579.20015340141,46223.234410678364,20811.133905815885,25208.087977478586,60.95252434450097
80,42579.20015340141,46223.234410678364,20811.133905815885,25208.087977478586,60.95248528914685
81,42579.20015340141,46223.234410678364,20811.133905815885,25208.087977478586,60.952469343479414
82,42579.20015340141,46223.234410678364,20811.133905815885,25208.087977478586,60.952461826778176
83,42579.20015340141,46223.234410678364,20811.133905815885,25208.087977478586,60.95245679455033
84,42579.20015340141,46223.234410678364,20811.133905815885,25208.087977478586,60.95245423867462
85,42579.20015340141,46223.234410678364,20811.133905815885,25208.087977478586,60.95245334084401
86,42579.20015340141,46223.234410678364,20811.133905815885,25208.087977478586,60.95245225944824
87,42579.20015340141,46223.234410678364,20811.133905815885,25208.087977478586,60.95245170501277
88,42579.20015340141,46223.234410678364,20811.133905815885,25208.087977478586,60.9524515353243
89,42579.20015340141,46223.234410678364,20811.133905815885,25208.087977478586,60.95245145402576
90,42579.20015340141,46223.234410678364,20811.133905815885,25208.087977478586,60.952451432746315
91,42579.20015340141,46223.234410678364,20811.133905815885,25208.087977478586,60.952451428984936
92,42579.20015340141,46223.234410678364,20811.133905815885,25208.087977478586,60.95245142751011
93,42579.20015340141,46223.234410678364,20811.133905815885,25208.087977478586,60.952451426730555
94,42579.20015340141,46223.234410678364,20811.133905815885,25208.087977478586,60.95245142620591
95,42579.20015340141,46223.234410678364,20811.133905815885,25208.087977478586,60.9524514260195
96,42579.20015340141,46223.234410678364,20811.133905815885,25208.087977478586,60.95245142588984
97,42579.20015340141,46223.234410678364,20811.133905815885,25208.087977478586,60.952451425835
98,42579.20015340141,46223.234410678364,20811.133905815885,25208.087977478586,60.95245142581736
99,42579.20015340141,46223.234410678364,20811.133905815885,25208.087977478586,60.95245142580761
100,42579.20015340141,46223.234410678364,20811.133905815885,25208.087977478586,60.95245142580377
101,42579.20015340141,46223.234410678364,20811.133905815885,25208.087977478586,60.952451425802025
102,42579.20015340141,46223.234410678364,20811.133905815885,25208.087977478586,60.9524514258009
103,42579.20015340141,46223.234410678364,20811.133905815885,25208.087977478586,60.95245142580057
104,42579.20015340141,46223.234410678364,20811.133905815885,25208.087977478586,60.95245142580057
105,42579.20015340141,46223.234410678364,20811.133905815885,25208.087977478586,60.95245142580052
106,42579.20015340141,46223.234410678364,20811.133905815885,25208.087977478586,60.95245142580052
107,42579.20015340141,46223.234410678364,20811.133905815885,25208.087977478586,60.95245142580052
108,42579.20015340141,46223.234410678364,20811.133905815885,25208.087977478586,60.95245142580052
109,42579.20015340141,46223.234410678364,20811.133905815885,25208.087977478586,60.95245142580052
110,42579.20015340141,46223.234410678364,20811.133905815885,25208.087977478586,60.95245142580052
111,42579.20015340141,46223.234410678364,20811.133905815885,25208.087977478586,60.95245142580052
112,42579.20015340141,46223.234410678364,20811.133905815885,25208.087977478586,60.95245142580052
113,42579.20015340141,46223.234410678364,20811.133905815885,25208.087977478586,60.95245142580052
114,42579.20015340141,46223.234410678364,20811.133905815885,25208.087977478586,60.95245142580052
115,42579.20015340141,46223.234410678364,20811.133905815885,25208.087977478586,60.95245142580052
116,42579.20015340141,46223.234410678364,20811.133905815885,25208.087977478586,60.95245142580052
117,42579.20015340141,46223.234410678364,20811.133905815885,25208.087977478586,60.95245142580052
118,42579.20015340141,46223.234410678364,20811.133905815885,25208.087977478586,60.95245142580052
119,42579.20015340141,46223.234410678364,20811.133905815885,25208.087977478586,60.95245142580052
120,42579.20015340141,46223.234410678364,20811.133905815885,25208.087977478586,60.95245142580052
121,42579.20015340141,46223.234410678364,20811.133905815885,25208.087977478586,60.95245142580052
122,42579.20015340141,46223.234410678364,20811.133905815885,25208.087977478586,60.95245142580052
123,42579.20015340141,46223.234410678364,20811.133905815885,25208.087977478586,60.95245142580052
124,42579.20015340141,46223.234410678364,20811.133905815885,25208.087977478586,60.95245142580052
125,42579.20015340141,46223.234410678364,20811.133905815885,25208.087977478586,60.95245142580052
126,42579.20015340141,46223.234410678364,20811.133905815885,25208.087977478586,60.95245142580052
127,42579.20015340141,46223.234410678364,20811.133905815885,25208.087977478586,60.95245142580052
128,42579.20015340141,46223.234410678364,20811.133905815885,25208.087977478586,60.95245142580052
129,42579.20015340141,46223.234410678364,20811.133905815885,25208.087977478586,60.95245142580052
130,42579.20015340141,46223.234410678364,20811.133905815885,25208.087977478586,60.95245142580052
131,42579.20015340141,46223.234410678364,20811.133905815885,25208.087977478586,60.95245142580052
132,42579.20015340141,46223.234410678364,20811.133905815885,25208.087977478586,60.95245142580052
133,42579.20015340141,46223.234410678364,20811.133905815885,25208.087977478586,60.95245142580052
134,42579.20015340141,46223.234410678364,20811.133905815885,25208.087977478586,60.95245142580052
135,42579.20015340141,46223.234410678364,20811.133905815885,25208.087977478586,60.95245142580052
136,42579.20015340141,46223.234410678364,20811.133905815885,25208.087977478586,60.95245142580052
137,42579.20015340141,46223.234410678364,20811.133905815885,25208.087977478586,60.95245142580052
138,42579.20015340141,46223.234410678364,20811.133905815885,25208.087977478586,60.95245142580052
139,42579.20015340141,46223.234410678364,20811.133905815885,25208.087977478586,60.95245142580052
140,42579.20015340141,46223.234410678364,20811.133905815885,25208.087977478586,60.95245142580052
141,42579.20015340141,46223.234410678364,20811.133905815885,25208.087977478586,60.95245142580051
142,42579.20015340141,46223.234410678364,20811.133905815885,25208.087977478586,60.95245142580051
143,42579.20015340141,46223.234410678364,20811.133905815885,25208.087977478586,60.95245142580051
144,42579.20015340141,46223.234410678364,20811.133905815885,25208.087977478586,60.95245142580051
145,42579.20015340141,46223.234410678364,20811.133905815885,25208.087977478586,60.95245142580051
146,42579.20015340141,46223.234410678364,20811.133905815885,25208.087977478586,60.95245142580051
147,42579.20015340141,46223.234410678364,20811.133905815885,25208.087977478586,60.95245142580051
148,42579.20015340141,46223.234410678364,20811.133905815885,25208.087977478586,60.95245142580051
149,42579.20015340141,46223.234410678364,20811.133905815885,25208.087977478586,60.95245142580051
150,42579.20015340141,46223.234410678364,20811.133905815885,25208.087977478586,60.95245142580051
151,42579.20015340141,46223.234410678364,20811.133905815885,25208.087977478586,60.95245142580051
152,42579.20015340141,46223.234410678364,20811.133905815885,25208.087977478586,60.95245142580051
153,42579.20015340141,46223.234410678364,20811.133905815885,25208.087977478586,60.95245142580051
154,42579.20015340141,46223.234410678364,20811.133905815885,25208.087977478586,60.95245142580051
155,42579.20015340141,46223.234410678364,20811.133905815885,25208.087977478586,60.95245142580051
156,42579.20015340141,46223.234410678364,20811.133905815885,25208.087977478586,60.95245142580051
157,42579.20015340141,46223.234410678364,20811.133905815885,25208.087977478586,60.95245142580051
158,42579.20015340141,46223.234410678364,20811.133905815885,25208.087977478586,60.95245142580051
159,42579.20015340141,46223.234410678364,20811.133905815885,25208.087977478586,60.95245142580051
160,42579.20015340141,46223.234410678364,20811.133905815885,25208.087977478586,60.95245142580051
161,42579.20015340141,46223.234410678364,20811.133905815885,25208.087977478586,60.95245142580051
162,42579.20015340141,46223.234410678364,20811.133905815885,25208.087977478586,60.95245142580051
163,42579.20015340141,46223.234410678364,20811.133905815885,25208.087977478586,60.95245142580051
164,42579.20015340141,46223.234410678364,20811.133905815885,25208.087977478586,60.95245142580051
165,42579.20015340141,46223.234410678364,20811.133905815885,25208.087977478586,60.95245142580051
166,42579.20015340141,46223.234410678364,20811.133905815885,25208.087977478586,60.95245142580051
167,42579.20015340141,46223.234410678364,20811.133905815885,25208.087977478586,60.95245142580051
168,42579.20015340141,46223.234410678364,20811.133905815885,25208.087977478586,60.95245142580051
169,42579.20015340141,46223.234410678364,20811.133905815885,25208.087977478586,60.95245142580051
170,42579.20015340141,46223.234410678364,20811.133905815885,25208.087977478586,60.95245142580051
171,42579.20015340141,46223.234410678364,20811.133905815885,25208.087977478586,60.95245142580051
172,42579.20015340141,46223.234410678364,20811.133905815885,25208.087977478586,60.95245142580051
173,42579.20015340141,46223.234410678364,20811.133905815885,25208.087977478586,60.95245142580051
174,42579.20015340141,46223.234410678364,20811.133905815885,25208.087977478586,60.95245142580051
175,42579.20015340141,46223.234410678364,20811.133905815885,25208.087977478586,60.95245142580051
176,42579.20015340141,46223.234410678364,20811.133905815885,25208.087977478586,60.95245142580051
177,42579.20015340141,46223.234410678364,20811.133905815885,25208.087977478586,60.95245142580051
178,42579.20015340141,46223.234410678364,20811.133905815885,25208.087977478586,60.95245142580051
179,42579.20015340141,46223.234410678364,20811.133905815885,25208.087977478586,60.95245142580051
180,42579.20015340141,46223.234410678364,20811.133905815885,25208.087977478586,60.95245142580051
181,42579.20015340141,46223.234410678364,20811.133905815885,25208.087977478586,60.95245142580051
182,42579.20015340141,46223.234410678364,20811.133905815885,25208.087977478586,60.95245142580051
183,42579.20015340141,46223.234410678364,20811.133905815885,25208.087977478586,60.95245142580051
184,42579.20015340141,46223.234410678364,20811.133905815885,25208.087977478586,60.95245142580051
185,42579.20015340141,46223.234410678364,20811.133905815885,25208.087977478586,60.95245142580051
186,42579.20015340141,46223.234410678364,20811.133905815885,25208.087977478586,60.95245142580051
187,42579.20015340141,46223.234410678364,20811.133905815885,25208.087977478586,60.95245142580051
188,42579.20015340141,46223.234410678364,20811.133905815885,25208.087977478586,60.95245142580051
189,42579.20015340141,46223.234410678364,20811.133905815885,25208.087977478586,60.95245142580051
190,42579.20015340141,46223.234410678364,20811.133905815885,25208.087977478586,60.95245142580051
191,42579.20015340141,46223.234410678364,20811.133905815885,25208.087977478586,60.95245142580051
192,42579.20015340141,46223.234410678364,20811.133905815885,25208.087977478586,60.95245142580051
193,42579.20015340141,46223.234410678364,20811.133905815885,25208.087977478586,60.95245142580051
194,42579.20015340141,46223.234410678364,20811.133905815885,25208.087977478586,60.95245142580051
195,42579.20015340141,46223.234410678364,20811.133905815885,25208.087977478586,60.95245142580051
196,42579.20015340141,46223.234410678364,20811.133905815885,25208.087977478586,60.95245142580051
197,42579.20015340141,46223.234410678364,20811.133905815885,25208.087977478586,60.95245142580051
198,42579.20015340141,46223.234410678364,20811.133905815885,25208.087977478586,60.95245142580051
199,42579.20015340141,46223.234410678364,20811.133905815885,25208.087977478586,60.95245142580051
200,42579.20015340141,46223.234410678364,20811.133905815885,25208.087977478586,60.95245142580051
201,42579.20015340141,46223.234410678364,20811.133905815885,25208.087977478586,60.95245142580051
202,42579.20015340141,46223.234410678364,20811.133905815885,25208.087977478586,60.95245142580051
203,42579.20015340141,46223.234410678364,20811.133905815885,25208.087977478586,60.95245142580051
204,42579.20015340141,46223.234410678364,20811.133905815885,25208.087977478586,60.95245142580051
205,42579.20015340141,46223.234410678364,20811.133905815885,25208.087977478586,60.95245142580051
206,42579.20015340141,46223.234410678364,20811.133905815885,25208.087977478586,60.95245142580051
207,42579.20015340141,46223.234410678364,20811.133905815885,25208.087977478586,60.95245142580051
208,42579.20015340141,46223.234410678364,20811.133905815885,25208.087977478586,60.95245142580051
209,42579.20015340141,46223.234410678364,20811.133905815885,25208.087977478586,60.95245142580051
210,42579.20015340141,46223.234410678364,20811.133905815885,25208.087977478586,60.95245142580051
211,42579.20015340141,46223.234410678364,20811.133905815885,25208.087977478586,60.95245142580051
212,42579.20015340141,46223.234410678364,20811.133905815885,25208.087977478586,60.95245142580051
213,42579.20015340141,46223.234410678364,20811.133905815885,25208.087977478586,60.95245142580051
214,42579.20015340141,46223.234410678364,20811.133905815885,25208.087977478586,60.95245142580051
215,42579.20015340141,46223.234410678364,20811.133905815885,25208.087977478586,60.95245142580051
216,42579.20015340141,46223.234410678364,20811.133905815885,25208.087977478586,60.95245142580051
217,42579.20015340141,46223.234410678364,20811.133905815885,25208.087977478586,60.95245142580051
218,42579.20015340141,46223.234410678364,20811.133905815885,25208.087977478586,60.95245142580051
219,42579.20015340141,46223.234410678364,20811.133905815885,25208.087977478586,60.95245142580051
220,42579.20015340141,46223.234410678364,20811.133905815885,25208.087977478586,60.95245142580051
221,42579.20015340141,46223.234410678364,20811.133905815885,25208.087977478586,60.95245142580051
222,42579.20015340141,46223.234410678364,20811.133905815885,25208.087977478586,60.95245142580051
223,42579.20015340141,46223.234410678364,20811.133905815885,25208.087977478586,60.95245142580051
224,42579.20015340141,46223.234410678364,20811.133905815885,25208.087977478586,60.95245142580051
225,42579.20015340141,46223.234410678364,20811.133905815885,25208.087977478586,60.95245142580051
226,42579.20015340141,46223.234410678364,20811.133905815885,25208.087977478586,60.95245142580051
227,42579.20015340141,46223.234410678364,20811.133905815885,25208.087977478586,60.95245142580051
228,42579.20015340141,46223.234410678364,20811.133905815885,25208.087977478586,60.95245142580051
229,42579.20015340141,46223.234410678364,20811.133905815885,25208.087977478586,60.95245142580051
230,42579.20015340141,46223.234410678364,20811.133905815885,25208.087977478586,60.95245142580051
231,42579.20015340141,46223.234410678364,20811.133905815885,25208.087977478586,60.95245142580051
232,42579.20015340141,46223.234410678364,20811.133905815885,25208.087977478586,60.95245142580051
233,42579.20015340141,46223.234410678364,20811.133905815885,25208.087977478586,60.95245142580051
234,42579.20015340141,46223.234410678364,20811.133905815885,25208.087977478586,60.95245142580051
235,42579.20015340141,46223.234410678364,20811.133905815885,25208.087977478586,60.95245142580051
236,42579.20015340141,46223.234410678364,20811.133905815885,25208.087977478586,60.95245142580051
237,42579.20015340141,46223.234410678364,20811.133905815885,25208.087977478586,60.95245142580051
238,42579.20015340141,46223.234410678364,20811.133905815885,25208.087977478586,60.95245142580051
239,42579.20015340141,46223.234410678364,20811.133905815885,25208.087977478586,60.95245142580051
240,42579.20015340141,46223.234410678364,20811.133905815885,25208.087977478586,60.95245142580051
241,42579.20015340141,46223.234410678364,20811.133905815885,25208.087977478586,60.95245142580051
242,42579.20015340141,46223.234410678364,20811.133905815885,25208.087977478586,60.95245142580051
243,42579.20015340141,46223.234410678364,20811.133905815885,25208.087977478586,60.95245142580051
244,42579.20015340141,46223.234410678364,20811.133905815885,25208.087977478586,60.95245142580051
245,42579.20015340141,46223.234410678364,20811.133905815885,25208.087977478586,60.95245142580051
246,42579.20015340141,46223.234410678364,20811.133905815885,25208.087977478586,60.95245142580051
247,42579.20015340141,46223.234410678364,20811.133905815885,25208.087977478586,60.95245142580051
248,42579.20015340141,46223.234410678364,20811.133905815885,25208.087977478586,60.95245142580051
249,42579.20015340141,46223.234410678364,20811.133905815885,25208.087977478586,60.95245142580051
250,42579.20015340141,46223.234410678364,20811.133905815885,25208.087977478586,60.95245142580051
251,42579.20015340141,46223.234410678364,20811.133905815885,25208.087977478586,60.95245142580051
252,42579.20015340141,46223.234410678364,20811.133905815885,25208.087977478586,60.95245142580051
253,42579.20015340141,46223.234410678364,20811.133905815885,25208.087977478586,60.95245142580051
254,42579.20015340141,46223.234410678364,20811.133905815885,25208.087977478586,60.95245142580051
255,42579.20015340141,46223.234410678364,20811.133905815885,25208.087977478586,60.95245142580051
256,42579.20015340141,46223.234410678364,20811.133905815885,25208.087977478586,60.95245142580051
257,42579.20015340141,46223.234410678364,20811.133905815885,25208.087977478586,60.95245142580051
258,42579.20015340141,46223.234410678364,20811.133905815885,25208.087977478586,60.95245142580051
259,42579.20015340141,46223.234410678364,20811.133905815885,25208.087977478586,60.95245142580051
260,42579.20015340141,46223.234410678364,20811.133905815885,25208.087977478586,60.95245142580051
261,42579.20015340141,46223.234410678364,20811.133905815885,25208.087977478586,60.95245142580051
262,42579.20015340141,46223.234410678364,20811.133905815885,25208.087977478586,60.95245142580051
263,42579.20015340141,46223.234410678364,20811.133905815885,25208.087977478586,60.95245142580051
264,42579.20015340141,46223.234410678364,20811.133905815885,25208.087977478586,60.95245142580051
265,42579.20015340141,46223.234410678364,20811.133905815885,25208.087977478586,60.95245142580051
266,42579.20015340141,46223.234410678364,20811.133905815885,25208.087977478586,60.95245142580051
267,42579.20015340141,46223.234410678364,20811.133905815885,25208.087977478586,60.95245142580051
268,42579.20015340141,46223.234410678364,20811.133905815885,25208.087977478586,60.95245142580051
269,42579.20015340141,46223.234410678364,20811.133905815885,25208.087977478586,60.95245142580051
270,42579.20015340141,46223.234410678364,20811.133905815885,25208.087977478586,60.95245142580051
271,42579.20015340141,46223.234410678364,20811.133905815885,25208.087977478586,60.95245142580051
272,42579.20015340141,46223.234410678364,20811.133905815885,25208.087977478586,60.95245142580051
273,42579.20015340141,46223.234410678364,20811.133905815885,25208.087977478586,60.95245142580051
274,42579.20015340141,46223.234410678364,20811.133905815885,25208.087977478586,60.95245142580051
275,42579.20015340141,46223.234410678364,20811.133905815885,25208.087977478586,60.95245142580051
276,42579.20015340141,46223.234410678364,20811.133905815885,25208.087977478586,60.95245142580051
277,42579.20015340141,46223.234410678364,20811.133905815885,25208.087977478586,60.95245142580051
278,42579.20015340141,46223.234410678364,20811.133905815885,25208.087977478586,60.95245142580051
279,42579.20015340141,46223.234410678364,20811.133905815885,25208.087977478586,60.95245142580051
280,42579.20015340141,46223.234410678364,20811.133905815885,25208.087977478586,60.95245142580051
281,42579.20015340141,46223.234410678364,20811.133905815885,25208.087977478586,60.95245142580051
282,42579.20015340141,46223.234410678364,20811.133905815885,25208.087977478586,60.95245142580051
283,42579.20015340141,46223.234410678364,20811.133905815885,25208.087977478586,60.95245142580051
284,42579.20015340141,46223.234410678364,20811.133905815885,25208.087977478586,60.95245142580051
285,42579.20015340141,46223.234410678364,20811.133905815885,25208.087977478586,60.95245142580051
286,42579.20015340141,46223.234410678364,20811.133905815885,25208.087977478586,60.95245142580051
287,42579.20015340141,46223.234410678364,20811.133905815885,25208.087977478586,60.95245142580051
288,42579.20015340141,46223.234410678364,20811.133905815885,25208.087977478586,60.95245142580051
289,42579.20015340141,46223.234410678364,20811.133905815885,25208.087977478586,60.95245142580051
290,42579.20015340141,46223.234410678364,20811.133905815885,25208.087977478586,60.95245142580051
291,42579.20015340141,46223.234410678364,20811.133905815885,25208.087977478586,60.95245142580051
292,42579.20015340141,46223.234410678364,20811.133905815885,25208.087977478586,60.95245142580051
293,42579.20015340141,46223.234410678364,20811.133905815885,25208.087977478586,60.95245142580051
294,42579.20015340141,46223.234410678364,20811.133905815885,25208.087977478586,60.95245142580051
295,42579.20015340141,46223.234410678364,20811.133905815885,25208.087977478586,60.95245142580051
296,42579.20015340141,46223.234410678364,20811.133905815885,25208.087977478586,60.95245142580051
297,42579.20015340141,46223.234410678364,20811.133905815885,25208.087977478586,60.95245142580051
298,42579.20015340141,46223.234410678364,20811.133905815885,25208.087977478586,60.95245142580051
299,42579.20015340141,46223.234410678364,20811.133905815885,25208.087977478586,60.95245142580051
300,42579.20015340141,46223.234410678364,20811.133905815885,25208.087977478586,60.95245142580051
301,42579.20015340141,46223.234410678364,20811.133905815885,25208.087977478586,60.95245142580051
302,42579.20015340141,46223.234410678364,20811.133905815885,25208.087977478586,60.95245142580051
303,42579.20015340141,46223.234410678364,20811.133905815885,25208.087977478586,60.95245142580051
304,42579.20015340141,46223.234410678364,20811.133905815885,25208.087977478586,60.95245142580051
305,42579.20015340141,46223.234410678364,20811.133905815885,25208.087977478586,60.95245142580051
306,42579.20015340141,46223.234410678364,20811.133905815885,25208.087977478586,60.95245142580051
307,42579.20015340141,46223.234410678364,20811.133905815885,25208.087977478586,60.95245142580051
308,42579.20015340141,46223.234410678364,20811.133905815885,25208.087977478586,60.95245142580051
309,42579.20015340141,46223.234410678364,20811.133905815885,25208.087977478586,60.95245142580051
310,42579.20015340141,46223.234410678364,20811.133905815885,25208.087977478586,60.95245142580051
311,42579.20015340141,46223.234410678364,20811.133905815885,25208.087977478586,60.95245142580051
312,42579.20015340141,46223.234410678364,20811.133905815885,25208.087977478586,60.95245142580051
313,42579.20015340141,46223.234410678364,20811.133905815885,25208.087977478586,60.95245142580051
314,42579.20015340141,46223.234410678364,20811.133905815885,25208.087977478586,60.95245142580051
315,42579.20015340141,46223.234410678364,20811.133905815885,25208.087977478586,60.95245142580051
316,42579.20015340141,46223.234410678364,20811.133905815885,25208.087977478586,60.95245142580051
317,42579.20015340141,46223.234410678364,20811.133905815885,25208.087977478586,60.95245142580051
318,42579.20015340141,46223.234410678364,20811.133905815885,25208.087977478586,60.95245142580051
319,42579.20015340141,46223.234410678364,20811.133905815885,25208.087977478586,60.95245142580051
320,42579.20015340141,46223.234410678364,20811.133905815885,25208.087977478586,60.95245142580051
321,42579.20015340141,46223.234410678364,20811.133905815885,25208.087977478586,60.95245142580051
322,42579.20015340141,46223.234410678364,20811.133905815885,25208.087977478586,60.95245142580051
323,42579.20015340141,46223.234410678364,20811.133905815885,25208.087977478586,60.95245142580051
324,42579.20015340141,46223.234410678364,20811.133905815885,25208.087977478586,60.95245142580051
325,42579.20015340141,46223.234410678364,20811.133905815885,25208.087977478586,60.95245142580051
326,42579.20015340141,46223.234410678364,20811.133905815885,25208.087977478586,60.95245142580051
327,42579.20015340141,46223.234410678364,20811.133905815885,25208.087977478586,60.95245142580051
328,42579.20015340141,46223.234410678364,20811.133905815885,25208.087977478586,60.95245142580051
329,42579.20015340141,46223.234410678364,20811.133905815885,25208.087977478586,60.95245142580051
330,42579.20015340141,46223.234410678364,20811.133905815885,25208.087977478586,60.95245142580051
331,42579.20015340141,46223.234410678364,20811.133905815885,25208.087977478586,60.95245142580051
332,42579.20015340141,46223.234410678364,20811.133905815885,25208.087977478586,60.95245142580051
333,42579.20015340141,46223.234410678364,20811.133905815885,25208.087977478586,60.95245142580051
334,42579.20015340141,46223.234410678364,20811.133905815885,25208.087977478586,60.95245142580051
335,42579.20015340141,46223.234410678364,20811.133905815885,25208.087977478586,60.95245142580051
336,42579.20015340141,46223.234410678364,20811.133905815885,25208.087977478586,60.95245142580051
337,42579.20015340141,46223.234410678364,20811.133905815885,25208.087977478586,60.95245142580051
338,42579.20015340141,46223.234410678364,20811.133905815885,25208.087977478586,60.95245142580051
339,42579.20015340141,46223.234410678364,20811.133905815885,25208.087977478586,60.95245142580051
340,42579.20015340141,46223.234410678364,20811.133905815885,25208.087977478586,60.95245142580051
341,42579.20015340141,46223.234410678364,20811.133905815885,25208.087977478586,60.95245142580051
342,42579.20015340141,46223.234410678364,20811.133905815885,25208.087977478586,60.95245142580051
343,42579.20015340141,46223.234410678364,20811.133905815885,25208.087977478586,60.95245142580051
344,42579.20015340141,46223.234410678364,20811.133905815885,25208.087977478586,60.95245142580051
345,42579.20015340141,46223.234410678364,20811.133905815885,25208.087977478586,60.95245142580051
346,42579.20015340141,46223.234410678364,20811.133905815885,25208.087977478586,60.95245142580051
347,42579.20015340141,46223.234410678364,20811.133905815885,25208.087977478586,60.95245142580051
348,42579.20015340141,46223.234410678364,20811.133905815885,25208.087977478586,60.95245142580051
349,42579.20015340141,46223.234410678364,20811.133905815885,25208.087977478586,60.95245142580051
350,42579.20015340141,46223.234410678364,20811.133905815885,25208.087977478586,60.95245142580051
351,42579.20015340141,46223.234410678364,20811.133905815885,25208.087977478586,60.95245142580051
352,42579.20015340141,46223.234410678364,20811.133905815885,25208.087977478586,60.95245142580051
353,42579.20015340141,46223.234410678364,20811.133905815885,25208.087977478586,60.95245142580051
354,42579.20015340141,46223.234410678364,20811.133905815885,25208.087977478586,60.95245142580051
355,42579.20015340141,46223.234410678364,20811.133905815885,25208.087977478586,60.95245142580051
356,42579.20015340141,46223.234410678364,20811.133905815885,25208.087977478586,60.95245142580051
357,42579.20015340141,46223.234410678364,20811.133905815885,25208.087977478586,60.95245142580051
358,42579.20015340141,46223.234410678364,20811.133905815885,25208.087977478586,60.95245142580051
359,42579.20015340141,46223.234410678364,20811.133905815885,25208.087977478586,60.95245142580051
360,42579.20015340141,46223.234410678364,20811.133905815885,25208.087977478586,60.95245142580051
361,42579.20015340141,46223.234410678364,20811.133905815885,25208.087977478586,60.95245142580051
362,42579.20015340141,46223.234410678364,20811.133905815885,25208.087977478586,60.95245142580051
363,42579.20015340141,46223.234410678364,20811.133905815885,25208.087977478586,60.95245142580051
364,42579.20015340141,46223.234410678364,20811.133905815885,25208.087977478586,60.95245142580051
365,42579.20015340141,46223.234410678364,20811.133905815885,25208.087977478586,60.95245142580051
366,42579.20015340141,46223.234410678364,20811.133905815885,25208.087977478586,60.95245142580051
367,42579.20015340141,46223.234410678364,20811.133905815885,25208.087977478586,60.95245142580051
368,42579.20015340141,46223.234410678364,20811.133905815885,25208.087977478586,60.95245142580051
369,42579.20015340141,46223.234410678364,20811.133905815885,25208.087977478586,60.95245142580051
370,42579.20015340141,46223.234410678364,20811.133905815885,25208.087977478586,60.95245142580051
371,42579.20015340141,46223.234410678364,20811.133905815885,25208.087977478586,60.95245142580051
372,42579.20015340141,46223.234410678364,20811.133905815885,25208.087977478586,60.95245142580051
373,42579.20015340141,46223.234410678364,20811.133905815885,25208.087977478586,60.95245142580051
374,42579.20015340141,46223.234410678364,20811.133905815885,25208.087977478586,60.95245142580051
375,42579.20015340141,46223.234410678364,20811.133905815885,25208.087977478586,60.95245142580051
376,42579.20015340141,46223.234410678364,20811.133905815885,25208.087977478586,60.95245142580051
377,42579.20015340141,46223.234410678364,20811.133905815885,25208.087977478586,60.95245142580051
378,42579.20015340141,46223.234410678364,20811.133905815885,25208.087977478586,60.95245142580051
379,42579.20015340141,46223.234410678364,20811.133905815885,25208.087977478586,60.95245142580051
380,42579.20015340141,46223.234410678364,20811.133905815885,25208.087977478586,60.95245142580051
381,42579.20015340141,46223.234410678364,20811.133905815885,25208.087977478586,60.95245142580051
382,42579.20015340141,46223.234410678364,20811.133905815885,25208.087977478586,60.95245142580051
383,42579.20015340141,46223.234410678364,20811.133905815885,25208.087977478586,60.95245142580051
384,42579.20015340141,46223.234410678364,20811.133905815885,25208.087977478586,60.95245142580051
385,42579.20015340141,46223.234410678364,20811.133905815885,25208.087977478586,60.95245142580051
386,42579.20015340141,46223.234410678364,20811.133905815885,25208.087977478586,60.95245142580051
387,42579.20015340141,46223.234410678364,20811.133905815885,25208.087977478586,60.95245142580051
388,42579.20015340141,46223.234410678364,20811.133905815885,25208.087977478586,60.95245142580051
389,42579.20015340141,46223.234410678364,20811.133905815885,25208.087977478586,60.95245142580051
390,42579.20015340141,46223.234410678364,20811.133905815885,25208.087977478586,60.95245142580051
391,42579.20015340141,46223.234410678364,20811.133905815885,25208.087977478586,60.95245142580051
392,42579.20015340141,46223.234410678364,20811.133905815885,25208.087977478586,60.95245142580051
393,42579.20015340141,46223.234410678364,20811.133905815885,25208.087977478586,60.95245142580051
394,42579.20015340141,46223.234410678364,20811.133905815885,25208.087977478586,60.95245142580051
395,42579.20015340141,46223.234410678364,20811.133905815885,25208.087977478586,60.95245142580051
396,42579.20015340141,46223.234410678364,20811.133905815885,25208.087977478586,60.95245142580051
397,42579.20015340141,46223.234410678364,20811.133905815885,25208.087977478586,60.95245142580051
398,42579.20015340141,46223.234410678364,20811.133905815885,25208.087977478586,60.95245142580051
399,42579.20015340141,46223.234410678364,20811.133905815885,25208.087977478586,60.95245142580051
400,42579.20015340141,46223.234410678364,20811.133905815885,25208.087977478586,60.95245142580051
401,42579.20015340141,46223.234410678364,20811.133905815885,25208.087977478586,60.95245142580051
402,42579.20015340141,46223.234410678364,20811.133905815885,25208.087977478586,60.95245142580051
403,42579.20015340141,46223.234410678364,20811.133905815885,25208.087977478586,60.95245142580051
404,42579.20015340141,46223.234410678364,20811.133905815885,25208.087977478586,60.95245142580051
405,42579.20015340141,46223.234410678364,20811.133905815885,25208.087977478586,60.95245142580051
406,42579.20015340141,46223.234410678364,20811.133905815885,25208.087977478586,60.95245142580051
407,42579.20015340141,46223.234410678364,20811.133905815885,25208.087977478586,60.95245142580051
408,42579.20015340141,46223.234410678364,20811.133905815885,25208.087977478586,60.95245142580051
409,42579.20015340141,46223.234410678364,20811.133905815885,25208.087977478586,60.95245142580051
410,42579.20015340141,46223.234410678364,20811.133905815885,25208.087977478586,60.95245142580051
411,42579.20015340141,46223.234410678364,20811.133905815885,25208.087977478586,60.95245142580051
412,42579.20015340141,46223.234410678364,20811.133905815885,25208.087977478586,60.95245142580051
413,42579.20015340141,46223.234410678364,20811.133905815885,25208.087977478586,60.95245142580051
414,42579.20015340141,46223.234410678364,20811.133905815885,25208.087977478586,60.95245142580051
415,42579.20015340141,46223.234410678364,20811.133905815885,25208.087977478586,60.95245142580051
416,42579.20015340141,46223.234410678364,20811.133905815885,25208.087977478586,60.95245142580051
417,42579.20015340141,46223.234410678364,20811.133905815885,25208.087977478586,60.95245142580051
418,42579.20015340141,46223.234410678364,20811.133905815885,25208.087977478586,60.95245142580051
419,42579.20015340141,46223.234410678364,20811.133905815885,25208.087977478586,60.95245142580051
420,42579.20015340141,46223.234410678364,20811.133905815885,25208.087977478586,60.95245142580051
421,42579.20015340141,46223.234410678364,20811.133905815885,25208.087977478586,60.95245142580051
422,42579.20015340141,46223.234410678364,20811.133905815885,25208.087977478586,60.95245142580051
423,42579.20015340141,46223.234410678364,20811.133905815885,25208.087977478586,60.95245142580051
424,42579.20015340141,46223.234410678364,20811.133905815885,25208.087977478586,60.95245142580051
425,42579.20015340141,46223.234410678364,20811.133905815885,25208.087977478586,60.95245142580051
426,42579.20015340141,46223.234410678364,20811.133905815885,25208.087977478586,60.95245142580051
427,42579.20015340141,46223.234410678364,20811.133905815885,25208.087977478586,60.95245142580051
428,42579.20015340141,46223.234410678364,20811.133905815885,25208.087977478586,60.95245142580051
429,42579.20015340141,46223.234410678364,20811.133905815885,25208.087977478586,60.95245142580051
430,42579.20015340141,46223.234410678364,20811.133905815885,25208.087977478586,60.95245142580051
431,42579.20015340141,46223.234410678364,20811.133905815885,25208.087977478586,60.95245142580051
432,42579.20015340141,46223.234410678364,20811.133905815885,25208.087977478586,60.95245142580051
433,42579.20015340141,46223.234410678364,20811.133905815885,25208.087977478586,60.95245142580051
434,42579.20015340141,46223.234410678364,20811.133905815885,25208.087977478586,60.95245142580051
435,42579.20015340141,46223.234410678364,20811.133905815885,25208.087977478586,60.95245142580051
436,42579.20015340141,46223.234410678364,20811.133905815885,25208.087977478586,60.95245142580051
437,42579.20015340141,46223.234410678364,20811.133905815885,25208.087977478586,60.95245142580051
438,42579.20015340141,46223.234410678364,20811.133905815885,25208.087977478586,60.95245142580051
439,42579.20015340141,46223.234410678364,20811.133905815885,25208.087977478586,60.95245142580051
440,42579.20015340141,46223.234410678364,20811.133905815885,25208.087977478586,60.95245142580051
441,42579.20015340141,46223.234410678364,20811.133905815885,25208.087977478586,60.95245142580051
442,42579.20015340141,46223.234410678364,20811.133905815885,25208.087977478586,60.95245142580051
443,42579.20015340141,46223.234410678364,20811.133905815885,25208.087977478586,60.95245142580051
444,42579.20015340141,46223.234410678364,20811.133905815885,25208.087977478586,60.95245142580051
445,42579.20015340141,46223.234410678364,20811.133905815885,25208.087977478586,60.95245142580051
446,42579.20015340141,46223.234410678364,20811.133905815885,25208.087977478586,60.95245142580051
447,42579.20015340141,46223.234410678364,20811.133905815885,25208.087977478586,60.95245142580051
448,42579.20015340141,46223.234410678364,20811.133905815885,25208.087977478586,60.95245142580051
449,42579.20015340141,46223.234410678364,20811.133905815885,25208.087977478586,60.95245142580051
450,42579.20015340141,46223.234410678364,20811.133905815885,25208.087977478586,60.95245142580051
451,42579.20015340141,46223.234410678364,20811.133905815885,25208.087977478586,60.95245142580051
452,42579.20015340141,46223.234410678364,20811.133905815885,25208.087977478586,60.95245142580051
453,42579.20015340141,46223.234410678364,20811.133905815885,25208.087977478586,60.95245142580051
454,42579.20015340141,46223.234410678364,20811.133905815885,25208.087977478586,60.95245142580051
455,42579.20015340141,46223.234410678364,20811.133905815885,25208.087977478586,60.95245142580051
456,42579.20015340141,46223.234410678364,20811.133905815885,25208.087977478586,60.95245142580051
457,42579.20015340141,46223.234410678364,20811.133905815885,25208.087977478586,60.95245142580051
458,42579.20015340141,46223.234410678364,20811.133905815885,25208.087977478586,60.95245142580051
459,42579.20015340141,46223.234410678364,20811.133905815885,25208.087977478586,60.95245142580051
460,42579.20015340141,46223.234410678364,20811.133905815885,25208.087977478586,60.95245142580051
461,42579.20015340141,46223.234410678364,20811.133905815885,25208.087977478586,60.95245142580051
462,42579.20015340141,46223.234410678364,20811.133905815885,25208.087977478586,60.95245142580051
463,42579.20015340141,46223.234410678364,20811.133905815885,25208.087977478586,60.95245142580051
464,42579.20015340141,46223.234410678364,20811.133905815885,25208.087977478586,60.95245142580051
465,42579.20015340141,46223.234410678364,20811.133905815885,25208.087977478586,60.95245142580051
466,42579.20015340141,46223.234410678364,20811.133905815885,25208.087977478586,60.95245142580051
467,42579.20015340141,46223.234410678364,20811.133905815885,25208.087977478586,60.95245142580051
468,42579.20015340141,46223.234410678364,20811.133905815885,25208.087977478586,60.95245142580051
469,42579.20015340141,46223.234410678364,20811.133905815885,25208.087977478586,60.95245142580051
470,42579.20015340141,46223.234410678364,20811.133905815885,25208.087977478586,60.95245142580051
471,42579.20015340141,46223.234410678364,20811.133905815885,25208.087977478586,60.95245142580051
472,42579.20015340141,46223.234410678364,20811.133905815885,25208.087977478586,60.95245142580051
473,42579.20015340141,46223.234410678364,20811.133905815885,25208.087977478586,60.95245142580051
474,42579.20015340141,46223.234410678364,20811.133905815885,25208.087977478586,60.95245142580051
475,42579.20015340141,46223.234410678364,20811.133905815885,25208.087977478586,60.95245142580051
476,42579.20015340141,46223.234410678364,20811.133905815885,25208.087977478586,60.95245142580051
477,42579.20015340141,46223.234410678364,20811.133905815885,25208.087977478586,60.95245142580051
478,42579.20015340141,46223.234410678364,20811.133905815885,25208.087977478586,60.95245142580051
479,42579.20015340141,46223.234410678364,20811.133905815885,25208.087977478586,60.95245142580051
480,42579.20015340141,46223.234410678364,20811.133905815885,25208.087977478586,60.95245142580051
481,42579.20015340141,46223.234410678364,20811.133905815885,25208.087977478586,60.95245142580051
482,42579.20015340141,46223.234410678364,20811.133905815885,25208.087977478586,60.95245142580051
483,42579.20015340141,46223.234410678364,20811.133905815885,25208.087977478586,60.95245142580051
484,42579.20015340141,46223.234410678364,20811.133905815885,25208.087977478586,60.95245142580051
485,42579.20015340141,46223.234410678364,20811.133905815885,25208.087977478586,60.95245142580051
486,42579.20015340141,46223.234410678364,20811.133905815885,25208.087977478586,60.95245142580051
487,42579.20015340141,46223.234410678364,20811.133905815885,25208.087977478586,60.95245142580051
488,42579.20015340141,46223.234410678364,20811.133905815885,25208.087977478586,60.95245142580051
489,42579.20015340141,46223.234410678364,20811.133905815885,25208.087977478586,60.95245142580051
490,42579.20015340141,46223.234410678364,20811.133905815885,25208.087977478586,60.95245142580051
491,42579.20015340141,46223.234410678364,20811.133905815885,25208.087977478586,60.95245142580051
492,42579.20015340141,46223.234410678364,20811.133905815885,25208.087977478586,60.95245142580051
493,42579.20015340141,46223.234410678364,20811.133905815885,25208.087977478586,60.95245142580051
494,42579.20015340141,46223.234410678364,20811.133905815885,25208.087977478586,60.95245142580051
495,42579.20015340141,46223.234410678364,20811.133905815885,25208.087977478586,60.95245142580051
496,42579.20015340141,46223.234410678364,20811.133905815885,25208.087977478586,60.95245142580051
497,42579.20015340141,46223.234410678364,20811.133905815885,25208.087977478586,60.95245142580051
498,42579.20015340141,46223.234410678364,20811.133905815885,25208.087977478586,60.95245142580051
499,42579.20015340141,46223.234410678364,20811.133905815885,25208.087977478586,60.95245142580051
500,42579.20015340141,46223.234410678364,20811.133905815885,25208.087977478586,60.95245142580051
501,42579.20015340141,46223.234410678364,20811.133905815885,25208.087977478586,60.95245142580051
502,42579.20015340141,46223.234410678364,20811.133905815885,25208.087977478586,60.95245142580051
503,42579.20015340141,46223.234410678364,20811.133905815885,25208.087977478586,60.95245142580051
504,42579.20015340141,46223.234410678364,20811.133905815885,25208.087977478586,60.95245142580051
505,42579.20015340141,46223.234410678364,20811.133905815885,25208.087977478586,60.95245142580051
506,42579.20015340141,46223.234410678364,20811.133905815885,25208.087977478586,60.95245142580051
507,42579.20015340141,46223.234410678364,20811.133905815885,25208.087977478586,60.95245142580051
508,42579.20015340141,46223.234410678364,20811.133905815885,25208.087977478586,60.95245142580051
509,42579.20015340141,46223.234410678364,20811.133905815885,25208.087977478586,60.95245142580051
510,42579.20015340141,46223.234410678364,20811.133905815885,25208.087977478586,60.95245142580051
511,42579.20015340141,46223.234410678364,20811.133905815885,25208.087977478586,60.95245142580051
512,42579.20015340141,46223.234410678364,20811.133905815885,25208.087977478586,60.95245142580051
513,42579.20015340141,46223.234410678364,20811.133905815885,25208.087977478586,60.95245142580051
514,42579.20015340141,46223.234410678364,20811.133905815885,25208.087977478586,60.95245142580051
515,42579.20015340141,46223.234410678364,20811.133905815885,25208.087977478586,60.95245142580051
516,42579.20015340141,46223.234410678364,20811.133905815885,25208.087977478586,60.95245142580051
517,42579.20015340141,46223.234410678364,20811.133905815885,25208.087977478586,60.95245142580051
518,42579.20015340141,46223.234410678364,20811.133905815885,25208.087977478586,60.95245142580051
519,42579.20015340141,46223.234410678364,20811.133905815885,25208.087977478586,60.95245142580051
520,42579.20015340141,46223.234410678364,20811.133905815885,25208.087977478586,60.95245142580051
521,42579.20015340141,46223.234410678364,20811.133905815885,25208.087977478586,60.95245142580051
522,42579.20015340141,46223.234410678364,20811.133905815885,25208.087977478586,60.95245142580051
523,42579.20015340141,46223.234410678364,20811.133905815885,25208.087977478586,60.95245142580051
524,42579.20015340141,46223.234410678364,20811.133905815885,25208.087977478586,60.95245142580051
525,42579.20015340141,46223.234410678364,20811.133905815885,25208.087977478586,60.95245142580051
526,42579.20015340141,46223.234410678364,20811.133905815885,25208.087977478586,60.95245142580051
527,42579.20015340141,46223.234410678364,20811.133905815885,25208.087977478586,60.95245142580051
528,42579.20015340141,46223.234410678364,20811.133905815885,25208.087977478586,60.95245142580051
529,42579.20015340141,46223.234410678364,20811.133905815885,25208.087977478586,60.95245142580051
530,42579.20015340141,46223.234410678364,20811.133905815885,25208.087977478586,60.95245142580051
531,42579.20015340141,46223.234410678364,20811.133905815885,25208.087977478586,60.95245142580051
532,42579.20015340141,46223.234410678364,20811.133905815885,25208.087977478586,60.95245142580051
533,42579.20015340141,46223.234410678364,20811.133905815885,25208.087977478586,60.95245142580051
534,42579.20015340141,46223.234410678364,20811.133905815885,25208.087977478586,60.95245142580051
535,42579.20015340141,46223.234410678364,20811.133905815885,25208.087977478586,60.94349652469674
536,42579.20015340141,46223.234410678364,20811.133905815885,25208.087977478586,60.882088983282244
537,42579.20015340141,46223.234410678364,20811.133905815885,25208.087977478586,60.882088983282244
538,42579.20015340141,46223.234410678364,20811.133905815885,25208.087977478586,60.882088983282244
539,42579.20015340141,46223.234410678364,20811.133905815885,25208.087977478586,60.882088983282244
540,42579.20015340141,46223.234410678364,20811.133905815885,25208.087977478586,60.882088983282244
541,42579.20015340141,46223.234410678364,20811.133905815885,25208.087977478586,60.882088983282244
542,42579.20015340141,46223.234410678364,20811.133905815885,25208.087977478586,60.882088983282244
543,42579.20015340141,46223.234410678364,20811.133905815885,25208.087977478586,60.882088983282244
544,42579.20015340141,46223.234410678364,20811.133905815885,25208.087977478586,60.882088983282244
545,42579.20015340141,46223.234410678364,20811.133905815885,25208.087977478586,60.882088983282244
546,42579.20015340141,46223.234410678364,20811.133905815885,25208.087977478586,60.882088983282244
547,42579.20015340141,46223.234410678364,20811.133905815885,25208.087977478586,60.882088983282244
548,42579.20015340141,46223.234410678364,20811.133905815885,25208.087977478586,60.882088983282244
549,42579.20015340141,46223.234410678364,20811.133905815885,25208.087977478586,60.882088983282244
550,42579.20015340141,46223.234410678364,20811.133905815885,25208.087977478586,60.882088983282244
551,42579.20015340141,46223.234410678364,20811.133905815885,25208.087977478586,60.882088983282244
552,42579.20015340141,46223.234410678364,20811.133905815885,25208.087977478586,60.882088983282244
553,42579.20015340141,46223.234410678364,20811.133905815885,25208.087977478586,60.882088983282244
554,42579.20015340141,46223.234410678364,20811.133905815885,25208.087977478586,60.882088983282244
555,42579.20015340141,46223.234410678364,20811.133905815885,25208.087977478586,60.882088983282244
556,42579.20015340141,46223.234410678364,20811.133905815885,25208.087977478586,60.882088983282244
557,42579.20015340141,46223.234410678364,20811.133905815885,25208.087977478586,60.882088983282244
558,42579.20015340141,46223.234410678364,20811.133905815885,25208.087977478586,60.882088983282244
559,42579.20015340141,46223.234410678364,20811.133905815885,25208.087977478586,60.882088983282244
560,42579.20015340141,46223.234410678364,20811.133905815885,25208.087977478586,60.882088983282244
561,42579.20015340141,46223.234410678364,20811.133905815885,25208.087977478586,60.882088983282244
562,42579.20015340141,46223.234410678364,20811.133905815885,25208.087977478586,60.882088983282244
563,42579.20015340141,46223.234410678364,20811.133905815885,25208.087977478586,60.882088983282244
564,42579.20015340141,46223.234410678364,20811.133905815885,25208.087977478586,60.882088983282244
565,42579.20015340141,46223.234410678364,20811.133905815885,25208.087977478586,60.882088983282244
566,42579.20015340141,46223.234410678364,20811.133905815885,25208.087977478586,60.882088983282244
567,42579.20015340141,46223.234410678364,20811.133905815885,25208.087977478586,60.882088983282244
568,42579.20015340141,46223.234410678364,20811.133905815885,25208.087977478586,60.882088983282244
569,42579.20015340141,46223.234410678364,20811.133905815885,25208.087977478586,60.882088983282244
570,42579.20015340141,46223.234410678364,20811.133905815885,25208.087977478586,60.882088983282244
571,42579.20015340141,46223.234410678364,20811.133905815885,25208.087977478586,60.882088983282244
572,42579.20015340141,46223.234410678364,20811.133905815885,25208.087977478586,60.882088983282244
573,42579.20015340141,46223.234410678364,20811.133905815885,25208.087977478586,60.882088983282244
574,42579.20015340141,46223.234410678364,20811.133905815885,25208.087977478586,60.882088983282244
575,42579.20015340141,46223.234410678364,20811.133905815885,25208.087977478586,60.882088983282244
576,42579.20015340141,46223.234410678364,20811.133905815885,25208.087977478586,60.882088983282244
577,42579.20015340141,46223.234410678364,20811.133905815885,25208.087977478586,60.882088983282244
578,42579.20015340141,46223.234410678364,20811.133905815885,25208.087977478586,60.882088983282244
579,42579.20015340141,46223.234410678364,20811.133905815885,25208.087977478586,60.882088983282244
580,42579.20015340141,46223.234410678364,20811.133905815885,25208.087977478586,60.882088983282244
581,42579.20015340141,46223.234410678364,20811.133905815885,25208.087977478586,60.882088983282244
582,42579.20015340141,46223.234410678364,20811.133905815885,25208.087977478586,60.882088983282244
583,42579.20015340141,46223.234410678364,20811.133905815885,25208.087977478586,60.882088983282244
584,42579.20015340141,46223.234410678364,20811.133905815885,25208.087977478586,60.882088983282244
585,42579.20015340141,46223.234410678364,20811.133905815885,25208.087977478586,60.882088983282244
586,42579.20015340141,46223.234410678364,20811.133905815885,25208.087977478586,60.882088983282244
587,42579.20015340141,46223.234410678364,20811.133905815885,25208.087977478586,60.882088983282244
588,42579.20015340141,46223.234410678364,20811.133905815885,25208.087977478586,60.882088983282244
589,42579.20015340141,46223.234410678364,20811.133905815885,25208.087977478586,60.882088983282244
590,42579.20015340141,46223.234410678364,20811.133905815885,25208.087977478586,60.882088983282244
591,42579.20015340141,46223.234410678364,20811.133905815885,25208.087977478586,60.882088983282244
592,42579.20015340141,46223.234410678364,20811.133905815885,25208.087977478586,60.882088983282244
593,42579.20015340141,46223.234410678364,20811.133905815885,25208.087977478586,60.882088983282244
594,42579.20015340141,46223.234410678364,20811.133905815885,25208.087977478586,60.882088983282244
595,42579.20015340141,46223.234410678364,20811.133905815885,25208.087977478586,60.882088983282244
596,42579.20015340141,46223.234410678364,20811.133905815885,25208.087977478586,60.882088983282244
597,42579.20015340141,46223.234410678364,20811.133905815885,25208.087977478586,60.882088983282244
598,42579.20015340141,46223.234410678364,20811.133905815885,25208.087977478586,60.882088983282244
599,42579.20015340141,46223.234410678364,20811.133905815885,25208.087977478586,60.882088983282244
600,42579.20015340141,46223.234410678364,20811.133905815885,25208.087977478586,60.882088983282244
601,42579.20015340141,46223.234410678364,20811.133905815885,25208.087977478586,60.882088983282244
602,42579.20015340141,46223.234410678364,20811.133905815885,25208.087977478586,60.882088983282244
603,42579.20015340141,46223.234410678364,20811.133905815885,25208.087977478586,60.882088983282244
604,42579.20015340141,46223.234410678364,20811.133905815885,25208.087977478586,60.882088983282244
605,42579.20015340141,46223.234410678364,20811.133905815885,25208.087977478586,60.882088983282244
606,42579.20015340141,46223.234410678364,20811.133905815885,25208.087977478586,60.882088983282244
607,42579.20015340141,46223.234410678364,20811.133905815885,25208.087977478586,60.882088983282244
608,42579.20015340141,46223.234410678364,20811.133905815885,25208.087977478586,60.882088983282244
609,42579.20015340141,46223.234410678364,20811.133905815885,25208.087977478586,60.882088983282244
610,42579.20015340141,46223.234410678364,20811.133905815885,25208.087977478586,60.882088983282244
611,42579.20015340141,46223.234410678364,20811.133905815885,25208.087977478586,60.882088983282244
612,42579.20015340141,46223.234410678364,20811.133905815885,25208.087977478586,60.882088983282244
613,42579.20015340141,46223.234410678364,20811.133905815885,25208.087977478586,60.882088983282244
614,42579.20015340141,46223.234410678364,20811.133905815885,25208.087977478586,60.882088983282244
615,42579.20015340141,46223.234410678364,20811.133905815885,25208.087977478586,60.882088983282244
616,42579.20015340141,46223.234410678364,20811.133905815885,25208.087977478586,60.882088983282244
617,42579.20015340141,46223.234410678364,20811.133905815885,25208.087977478586,60.882088983282244
618,42579.20015340141,46223.234410678364,20811.133905815885,25208.087977478586,60.882088983282244
619,42579.20015340141,46223.234410678364,20811.133905815885,25208.087977478586,60.882088983282244
620,42579.20015340141,46223.234410678364,20811.133905815885,25208.087977478586,60.882088983282244
621,42579.20015340141,46223.234410678364,20811.133905815885,25208.087977478586,60.882088983282244
622,42579.20015340141,46223.234410678364,20811.133905815885,25208.087977478586,60.882088983282244
623,42579.20015340141,46223.234410678364,20811.133905815885,25208.087977478586,60.882088983282244
624,42579.20015340141,46223.234410678364,20811.133905815885,25208.087977478586,60.882088983282244
625,42579.20015340141,46223.234410678364,20811.133905815885,25208.087977478586,60.882088983282244
626,42579.20015340141,46223.234410678364,20811.133905815885,25208.087977478586,60.882088983282244
627,42579.20015340141,46223.234410678364,20811.133905815885,25208.087977478586,60.882088983282244
628,42579.20015340141,46223.234410678364,20811.133905815885,25208.087977478586,60.882088983282244
629,42579.20015340141,46223.234410678364,20811.133905815885,25208.087977478586,60.882088983282244
630,42579.20015340141,46223.234410678364,20811.133905815885,25208.087977478586,60.882088983282244
631,42579.20015340141,46223.234410678364,20811.133905815885,25208.087977478586,60.882088983282244
632,42579.20015340141,46223.234410678364,20811.133905815885,25208.087977478586,60.882088983282244
633,42579.20015340141,46223.234410678364,20811.133905815885,25208.087977478586,60.882088983282244
634,42579.20015340141,46223.234410678364,20811.133905815885,25208.087977478586,60.882088983282244
635,42579.20015340141,46223.234410678364,20811.133905815885,25208.087977478586,60.882088983282244
636,42579.20015340141,46223.234410678364,20811.133905815885,25208.087977478586,60.882088983282244
637,42579.20015340141,46223.234410678364,20811.133905815885,25208.087977478586,60.882088983282244
638,42579.20015340141,46223.234410678364,20811.133905815885,25208.087977478586,60.882088983282244
639,42579.20015340141,46223.234410678364,20811.133905815885,25208.087977478586,60.882088983282244
640,42579.20015340141,46223.234410678364,20811.133905815885,25208.087977478586,60.882088983282244
641,42579.20015340141,46223.234410678364,20811.133905815885,25208.087977478586,60.882088983282244
642,42579.20015340141,46223.234410678364,20811.133905815885,25208.087977478586,60.882088983282244
643,42579.20015340141,46223.234410678364,20811.133905815885,25208.087977478586,60.882088983282244
644,42579.20015340141,46223.234410678364,20811.133905815885,25208.087977478586,60.882088983282244
645,42579.20015340141,46223.234410678364,20811.133905815885,25208.087977478586,60.882088983282244
646,42579.20015340141,46223.234410678364,20811.133905815885,25208.087977478586,60.882088983282244
647,42579.20015340141,46223.234410678364,20811.133905815885,25208.087977478586,60.882088983282244
648,42579.20015340141,46223.234410678364,20811.133905815885,25208.087977478586,60.882088983282244
649,42579.20015340141,46223.234410678364,20811.133905815885,25208.087977478586,60.882088983282244
650,42579.20015340141,46223.234410678364,20811.133905815885,25208.087977478586,60.882088983282244
651,42579.20015340141,46223.234410678364,20811.133905815885,25208.087977478586,60.882088983282244
652,42579.20015340141,46223.234410678364,20811.133905815885,25208.087977478586,60.882088983282244
653,42579.20015340141,46223.234410678364,20811.133905815885,25208.087977478586,60.882088983282244
654,42579.20015340141,46223.234410678364,20811.133905815885,25208.087977478586,60.882088983282244
655,42579.20015340141,46223.234410678364,20811.133905815885,25208.087977478586,60.882088983282244
656,42579.20015340141,46223.234410678364,20811.133905815885,25208.087977478586,60.882088983282244
657,42579.20015340141,46223.234410678364,20811.133905815885,25208.087977478586,60.882088983282244
658,42579.20015340141,46223.234410678364,20811.133905815885,25208.087977478586,60.882088983282244
659,42579.20015340141,46223.234410678364,20811.133905815885,25208.087977478586,60.882088983282244
660,42579.20015340141,46223.234410678364,20811.133905815885,25208.087977478586,60.882088983282244
661,42579.20015340141,46223.234410678364,20811.133905815885,25208.087977478586,60.882088983282244
662,42579.20015340141,46223.234410678364,20811.133905815885,25208.087977478586,60.882088983282244
663,42579.20015340141,46223.234410678364,20811.133905815885,25208.087977478586,60.882088983282244
664,42579.20015340141,46223.234410678364,20811.133905815885,25208.087977478586,60.882088983282244
665,42579.20015340141,46223.234410678364,20811.133905815885,25208.087977478586,60.882088983282244
666,42579.20015340141,46223.234410678364,20811.133905815885,25208.087977478586,60.882088983282244
667,42579.20015340141,46223.234410678364,20811.133905815885,25208.087977478586,60.882088983282244
668,42579.20015340141,46223.234410678364,20811.133905815885,25208.087977478586,60.882088983282244
669,42579.20015340141,46223.234410678364,20811.133905815885,25208.087977478586,60.882088983282244
670,42579.20015340141,46223.234410678364,20811.133905815885,25208.087977478586,60.882088983282244
671,42579.20015340141,46223.234410678364,20811.133905815885,25208.087977478586,60.882088983282244
672,42579.20015340141,46223.234410678364,20811.133905815885,25208.087977478586,60.882088983282244
673,42579.20015340141,46223.234410678364,20811.133905815885,25208.087977478586,60.882088983282244
674,42579.20015340141,46223.234410678364,20811.133905815885,25208.087977478586,60.882088983282244
675,42579.20015340141,46223.234410678364,20811.133905815885,25208.087977478586,60.882088983282244
676,42579.20015340141,46223.234410678364,20811.133905815885,25208.087977478586,60.882088983282244
677,42579.20015340141,46223.234410678364,20811.133905815885,25208.087977478586,60.882088983282244
678,42579.20015340141,46223.234410678364,20811.133905815885,25208.087977478586,60.882088983282244
679,42579.20015340141,46223.234410678364,20811.133905815885,25208.087977478586,60.882088983282244
680,42579.20015340141,46223.234410678364,20811.133905815885,25208.087977478586,60.882088983282244
681,42579.20015340141,46223.234410678364,20811.133905815885,25208.087977478586,60.882088983282244
682,42579.20015340141,46223.234410678364,20811.133905815885,25208.087977478586,60.882088983282244
683,42579.20015340141,46223.234410678364,20811.133905815885,25208.087977478586,60.882088983282244
684,42579.20015340141,46223.234410678364,20811.133905815885,25208.087977478586,60.882088983282244
685,42579.20015340141,46223.234410678364,20811.133905815885,25208.087977478586,60.882088983282244
686,42579.20015340141,46223.234410678364,20811.133905815885,25208.087977478586,60.882088983282244
687,42579.20015340141,46223.234410678364,20811.133905815885,25208.087977478586,60.882088983282244
688,42579.20015340141,46223.234410678364,20811.133905815885,25208.087977478586,60.882088983282244
689,42579.20015340141,46223.234410678364,20811.133905815885,25208.087977478586,60.882088983282244
690,42579.20015340141,46223.234410678364,20811.133905815885,25208.087977478586,60.882088983282244
691,42579.20015340141,46223.234410678364,20811.133905815885,25208.087977478586,60.882088983282244
692,42579.20015340141,46223.234410678364,20811.133905815885,25208.087977478586,60.882088983282244
693,42579.20015340141,46223.234410678364,20811.133905815885,25208.087977478586,60.882088983282244
694,42579.20015340141,46223.234410678364,20811.133905815885,25208.087977478586,60.882088983282244
695,42579.20015340141,46223.234410678364,20811.133905815885,25208.087977478586,60.882088983282244
696,42579.20015340141,46223.234410678364,20811.133905815885,25208.087977478586,60.882088983282244
697,42579.20015340141,46223.234410678364,20811.133905815885,25208.087977478586,60.882088983282244
698,42579.20015340141,46223.234410678364,20811.133905815885,25208.087977478586,60.882088983282244
699,42579.20015340141,46223.234410678364,20811.133905815885,25208.087977478586,60.882088983282244
700,42579.20015340141,46223.234410678364,20811.133905815885,25208.087977478586,60.882088983282244
701,42579.20015340141,46223.234410678364,20811.133905815885,25208.087977478586,60.882088983282244
702,42579.20015340141,46223.234410678364,20811.133905815885,25208.087977478586,60.882088983282244
703,42579.20015340141,46223.234410678364,20811.133905815885,25208.087977478586,60.882088983282244
704,42579.20015340141,46223.234410678364,20811.133905815885,25208.087977478586,60.882088983282244
705,42579.20015340141,46223.234410678364,20811.133905815885,25208.087977478586,60.882088983282244
706,42579.20015340141,46223.234410678364,20811.133905815885,25208.087977478586,60.882088983282244
707,42579.20015340141,46223.234410678364,20811.133905815885,25208.087977478586,60.882088983282244
708,42579.20015340141,46223.234410678364,20811.133905815885,25208.087977478586,60.882088983282244
709,42579.20015340141,46223.234410678364,20811.133905815885,25208.087977478586,60.882088983282244
710,42579.20015340141,46223.234410678364,20811.133905815885,25208.087977478586,60.882088983282244
711,42579.20015340141,46223.234410678364,20811.133905815885,25208.087977478586,60.882088983282244
712,42579.20015340141,46223.234410678364,20811.133905815885,25208.087977478586,60.882088983282244
713,42579.20015340141,46223.234410678364,20811.133905815885,25208.087977478586,60.882088983282244
714,42579.20015340141,46223.234410678364,20811.133905815885,25208.087977478586,60.882088983282244
715,42579.20015340141,46223.234410678364,20811.133905815885,25208.087977478586,60.882088983282244
716,42579.20015340141,46223.234410678364,20811.133905815885,25208.087977478586,60.882088983282244
717,42579.20015340141,46223.234410678364,20811.133905815885,25208.087977478586,60.882088983282244
718,42579.20015340141,46223.234410678364,20811.133905815885,25208.087977478586,60.882088983282244
719,42579.20015340141,46223.234410678364,20811.133905815885,25208.087977478586,60.882088983282244
720,42579.20015340141,46223.234410678364,20811.133905815885,25208.087977478586,60.882088983282244
721,42579.20015340141,46223.234410678364,20811.133905815885,25208.087977478586,60.882088983282244
722,42579.20015340141,46223.234410678364,20811.133905815885,25208.087977478586,60.882088983282244
723,42579.20015340141,46223.234410678364,20811.133905815885,25208.087977478586,60.882088983282244
724,42579.20015340141,46223.234410678364,20811.133905815885,25208.087977478586,60.882088983282244
725,42579.20015340141,46223.234410678364,20811.133905815885,25208.087977478586,60.882088983282244
726,42579.20015340141,46223.234410678364,20811.133905815885,25208.087977478586,60.882088983282244
727,42579.20015340141,46223.234410678364,20811.133905815885,25208.087977478586,60.882088983282244
728,42579.20015340141,46223.234410678364,20811.133905815885,25208.087977478586,60.882088983282244
729,42579.20015340141,46223.234410678364,20811.133905815885,25208.087977478586,60.882088983282244
730,42579.20015340141,46223.234410678364,20811.133905815885,25208.087977478586,60.882088983282244
731,42579.20015340141,46223.234410678364,20811.133905815885,25208.087977478586,60.882088983282244
732,42579.20015340141,46223.234410678364,20811.133905815885,25208.087977478586,60.882088983282244
733,42579.20015340141,46223.234410678364,20811.133905815885,25208.087977478586,60.882088983282244
734,42579.20015340141,46223.234410678364,20811.133905815885,25208.087977478586,60.882088983282244
735,42579.20015340141,46223.234410678364,20811.133905815885,25208.087977478586,60.882088983282244
736,42579.20015340141,46223.234410678364,20811.133905815885,25208.087977478586,60.882088983282244
737,42579.20015340141,46223.234410678364,20811.133905815885,25208.087977478586,60.882088983282244
738,42579.20015340141,46223.234410678364,20811.133905815885,25208.087977478586,60.882088983282244
739,42579.20015340141,46223.234410678364,20811.133905815885,25208.087977478586,60.882088983282244
740,42579.20015340141,46223.234410678364,20811.133905815885,25208.087977478586,60.882088983282244
741,42579.20015340141,46223.234410678364,20811.133905815885,25208.087977478586,60.882088983282244
742,42579.20015340141,46223.234410678364,20811.133905815885,25208.087977478586,60.882088983282244
743,42579.20015340141,46223.234410678364,20811.133905815885,25208.087977478586,60.882088983282244
744,42579.20015340141,46223.234410678364,20811.133905815885,25208.087977478586,60.882088983282244
745,42579.20015340141,46223.234410678364,20811.133905815885,25208.087977478586,60.882088983282244
746,42579.20015340141,46223.234410678364,20811.133905815885,25208.087977478586,60.882088983282244
747,42579.20015340141,46223.234410678364,20811.133905815885,25208.087977478586,60.882088983282244
748,42579.20015340141,46223.234410678364,20811.133905815885,25208.087977478586,60.882088983282244
749,42579.20015340141,46223.234410678364,20811.133905815885,25208.087977478586,60.882088983282244
750,42579.20015340141,46223.234410678364,20811.133905815885,25208.087977478586,60.882088983282244
751,42579.20015340141,46223.234410678364,20811.133905815885,25208.087977478586,60.882088983282244
752,42579.20015340141,46223.234410678364,20811.133905815885,25208.087977478586,60.882088983282244
753,42579.20015340141,46223.234410678364,20811.133905815885,25208.087977478586,60.882088983282244
754,42579.20015340141,46223.234410678364,20811.133905815885,25208.087977478586,60.882088983282244
755,42579.20015340141,46223.234410678364,20811.133905815885,25208.087977478586,60.882088983282244
756,42579.20015340141,46223.234410678364,20811.133905815885,25208.087977478586,60.882088983282244
757,42579.20015340141,46223.234410678364,20811.133905815885,25208.087977478586,60.882088983282244
758,42579.20015340141,46223.234410678364,20811.133905815885,25208.087977478586,60.882088983282244
759,42579.20015340141,46223.234410678364,20811.133905815885,25208.087977478586,60.882088983282244
760,42579.20015340141,46223.234410678364,20811.133905815885,25208.087977478586,60.882088983282244
761,42579.20015340141,46223.234410678364,20811.133905815885,25208.087977478586,60.882088983282244
762,42579.20015340141,46223.234410678364,20811.133905815885,25208.087977478586,60.882088983282244
763,42579.20015340141,46223.234410678364,20811.133905815885,25208.087977478586,60.882088983282244
764,42579.20015340141,46223.234410678364,20811.133905815885,25208.087977478586,60.882088983282244
765,42579.20015340141,46223.234410678364,20811.133905815885,25208.087977478586,60.882088983282244
766,42579.20015340141,46223.234410678364,20811.133905815885,25208.087977478586,60.882088983282244
767,42579.20015340141,46223.234410678364,20811.133905815885,25208.087977478586,60.882088983282244
768,42579.20015340141,46223.234410678364,20811.133905815885,25208.087977478586,60.882088983282244
769,42579.20015340141,46223.234410678364,20811.133905815885,25208.087977478586,60.882088983282244
770,42579.20015340141,46223.234410678364,20811.133905815885,25208.087977478586,60.882088983282244
771,42579.20015340141,46223.234410678364,20811.133905815885,25208.087977478586,60.882088983282244
772,42579.20015340141,46223.234410678364,20811.133905815885,25208.087977478586,60.882088983282244
773,42579.20015340141,46223.234410678364,20811.133905815885,25208.087977478586,60.882088983282244
774,42579.20015340141,46223.234410678364,20811.133905815885,25208.087977478586,60.882088983282244
775,42579.20015340141,46223.234410678364,20811.133905815885,25208.087977478586,60.882088983282244
776,42579.20015340141,46223.234410678364,20811.133905815885,25208.087977478586,60.882088983282244
777,42579.20015340141,46223.234410678364,20811.133905815885,25208.087977478586,60.882088983282244
778,42579.20015340141,46223.234410678364,20811.133905815885,25208.087977478586,60.882088983282244
779,42579.20015340141,46223.234410678364,20811.133905815885,25208.087977478586,60.882088983282244
780,42579.20015340141,46223.234410678364,20811.133905815885,25208.087977478586,60.882088983282244
781,42579.20015340141,46223.234410678364,20811.133905815885,25208.087977478586,60.882088983282244
782,42579.20015340141,46223.234410678364,20811.133905815885,25208.087977478586,60.882088983282244
783,42579.20015340141,46223.234410678364,20811.133905815885,25208.087977478586,60.882088983282244
784,42579.20015340141,46223.234410678364,20811.133905815885,25208.087977478586,60.882088983282244
785,42579.20015340141,46223.234410678364,20811.133905815885,25208.087977478586,60.882088983282244
786,42579.20015340141,46223.234410678364,20811.133905815885,25208.087977478586,60.882088983282244
787,42579.20015340141,46223.234410678364,20811.133905815885,25208.087977478586,60.882088983282244
788,42579.20015340141,46223.234410678364,20811.133905815885,25208.087977478586,60.882088983282244
789,42579.20015340141,46223.234410678364,20811.133905815885,25208.087977478586,60.882088983282244
790,42579.20015340141,46223.234410678364,20811.133905815885,25208.087977478586,60.882088983282244
791,42579.20015340141,46223.234410678364,20811.133905815885,25208.087977478586,60.882088983282244
792,42579.20015340141,46223.234410678364,20811.133905815885,25208.087977478586,60.882088983282244
793,42579.20015340141,46223.234410678364,20811.133905815885,25208.087977478586,60.882088983282244
794,42579.20015340141,46223.234410678364,20811.133905815885,25208.087977478586,60.882088983282244
795,42579.20015340141,46223.234410678364,20811.133905815885,25208.087977478586,60.882088983282244
796,42579.20015340141,46223.234410678364,20811.133905815885,25208.087977478586,60.882088983282244
797,42579.20015340141,46223.234410678364,20811.133905815885,25208.087977478586,60.882088983282244
798,42579.20015340141,46223.234410678364,20811.133905815885,25208.087977478586,60.882088983282244
799,42579.20015340141,46223.234410678364,20811.133905815885,25208.087977478586,60.882088983282244
800,42579.20015340141,46223.234410678364,20811.133905815885,25208.087977478586,60.882088983282244
801,42579.20015340141,46223.234410678364,20811.133905815885,25208.087977478586,60.882088983282244
802,42579.20015340141,46223.234410678364,20811.133905815885,25208.087977478586,60.882088983282244
803,42579.20015340141,46223.234410678364,20811.133905815885,25208.087977478586,60.882088983282244
804,42579.20015340141,46223.234410678364,20811.133905815885,25208.087977478586,60.882088983282244
805,42579.20015340141,46223.234410678364,20811.133905815885,25208.087977478586,60.882088983282244
806,42579.20015340141,46223.234410678364,20811.133905815885,25208.087977478586,60.882088983282244
807,42579.20015340141,46223.234410678364,20811.133905815885,25208.087977478586,60.882088983282244
808,42579.20015340141,46223.234410678364,20811.133905815885,25208.087977478586,60.882088983282244
809,42579.20015340141,46223.234410678364,20811.133905815885,25208.087977478586,60.882088983282244
810,42579.20015340141,46223.234410678364,20811.133905815885,25208.087977478586,60.882088983282244
811,42579.20015340141,46223.234410678364,20811.133905815885,25208.087977478586,60.882088983282244
812,42579.20015340141,46223.234410678364,20811.133905815885,25208.087977478586,60.882088983282244
813,42579.20015340141,46223.234410678364,20811.133905815885,25208.087977478586,60.882088983282244
814,42579.20015340141,46223.234410678364,20811.133905815885,25208.087977478586,60.882088983282244
815,42579.20015340141,46223.234410678364,20811.133905815885,25208.087977478586,60.882088983282244
816,42579.20015340141,46223.234410678364,20811.133905815885,25208.087977478586,60.882088983282244
817,42579.20015340141,46223.234410678364,20811.133905815885,25208.087977478586,60.882088983282244
818,42579.20015340141,46223.234410678364,20811.133905815885,25208.087977478586,60.882088983282244
819,42579.20015340141,46223.234410678364,20811.133905815885,25208.087977478586,60.882088983282244
820,42579.20015340141,46223.234410678364,20811.133905815885,25208.087977478586,60.882088983282244
821,42579.20015340141,46223.234410678364,20811.133905815885,25208.087977478586,60.882088983282244
822,42579.20015340141,46223.234410678364,20811.133905815885,25208.087977478586,60.882088983282244
823,42579.20015340141,46223.234410678364,20811.133905815885,25208.087977478586,60.882088983282244
824,42579.20015340141,46223.234410678364,20811.133905815885,25208.087977478586,60.882088983282244
825,42579.20015340141,46223.234410678364,20811.133905815885,25208.087977478586,60.882088983282244
826,42579.20015340141,46223.234410678364,20811.133905815885,25208.087977478586,60.882088983282244
827,42579.20015340141,46223.234410678364,20811.133905815885,25208.087977478586,60.882088983282244
828,42579.20015340141,46223.234410678364,20811.133905815885,25208.087977478586,60.882088983282244
829,42579.20015340141,46223.234410678364,20811.133905815885,25208.087977478586,60.882088983282244
830,42579.20015340141,46223.234410678364,20811.133905815885,25208.087977478586,60.882088983282244
831,42579.20015340141,46223.234410678364,20811.133905815885,25208.087977478586,60.882088983282244
832,42579.20015340141,46223.234410678364,20811.133905815885,25208.087977478586,60.882088983282244
833,42579.20015340141,46223.234410678364,20811.133905815885,25208.087977478586,60.882088983282244
834,42579.20015340141,46223.234410678364,20811.133905815885,25208.087977478586,60.882088983282244
835,42579.20015340141,46223.234410678364,20811.133905815885,25208.087977478586,60.882088983282244
836,42579.20015340141,46223.234410678364,20811.133905815885,25208.087977478586,60.882088983282244
837,42579.20015340141,46223.234410678364,20811.133905815885,25208.087977478586,60.882088983282244
838,42579.20015340141,46223.234410678364,20811.133905815885,25208.087977478586,60.882088983282244
839,42579.20015340141,46223.234410678364,20811.133905815885,25208.087977478586,60.882088983282244
840,42579.20015340141,46223.234410678364,20811.133905815885,25208.087977478586,60.882088983282244
841,42579.20015340141,46223.234410678364,20811.133905815885,25208.087977478586,60.882088983282244
842,42579.20015340141,46223.234410678364,20811.133905815885,25208.087977478586,60.882088983282244
843,42579.20015340141,46223.234410678364,20811.133905815885,25208.087977478586,60.882088983282244
844,42579.20015340141,46223.234410678364,20811.133905815885,25208.087977478586,60.882088983282244
845,42579.20015340141,46223.234410678364,20811.133905815885,25208.087977478586,60.882088983282244
846,42579.20015340141,46223.234410678364,20811.133905815885,25208.087977478586,60.882088983282244
847,42579.20015340141,46223.234410678364,20811.133905815885,25208.087977478586,60.882088983282244
848,42579.20015340141,46223.234410678364,20811.133905815885,25208.087977478586,60.882088983282244
849,42579.20015340141,46223.234410678364,20811.133905815885,25208.087977478586,60.882088983282244
850,42579.20015340141,46223.234410678364,20811.133905815885,25208.087977478586,60.882088983282244
851,42579.20015340141,46223.234410678364,20811.133905815885,25208.087977478586,60.882088983282244
852,42579.20015340141,46223.234410678364,20811.133905815885,25208.087977478586,60.882088983282244
853,42579.20015340141,46223.234410678364,20811.133905815885,25208.087977478586,60.882088983282244
854,42579.20015340141,46223.234410678364,20811.133905815885,25208.087977478586,60.882088983282244
855,42579.20015340141,46223.234410678364,20811.133905815885,25208.087977478586,60.882088983282244
856,42579.20015340141,46223.234410678364,20811.133905815885,25208.087977478586,60.882088983282244
857,42579.20015340141,46223.234410678364,20811.133905815885,25208.087977478586,60.882088983282244
858,42579.20015340141,46223.234410678364,20811.133905815885,25208.087977478586,60.882088983282244
859,42579.20015340141,46223.234410678364,20811.133905815885,25208.087977478586,60.882088983282244
860,42579.20015340141,46223.234410678364,20811.133905815885,25208.087977478586,60.882088983282244
861,42579.20015340141,46223.234410678364,20811.133905815885,25208.087977478586,60.882088983282244
862,42579.20015340141,46223.234410678364,20811.133905815885,25208.087977478586,60.882088983282244
863,42579.20015340141,46223.234410678364,20811.133905815885,25208.087977478586,60.882088983282244
864,42579.20015340141,46223.234410678364,20811.133905815885,25208.087977478586,60.882088983282244
865,42579.20015340141,46223.234410678364,20811.133905815885,25208.087977478586,60.882088983282244
866,42579.20015340141,46223.234410678364,20811.133905815885,25208.087977478586,60.882088983282244
867,42579.20015340141,46223.234410678364,20811.133905815885,25208.087977478586,60.882088983282244
868,42579.20015340141,46223.234410678364,20811.133905815885,25208.087977478586,60.882088983282244
869,42579.20015340141,46223.234410678364,20811.133905815885,25208.087977478586,60.882088983282244
870,42579.20015340141,46223.234410678364,20811.133905815885,25208.087977478586,60.882088983282244
871,42579.20015340141,46223.234410678364,20811.133905815885,25208.087977478586,60.882088983282244
872,42579.20015340141,46223.234410678364,20811.133905815885,25208.087977478586,60.882088983282244
873,42579.20015340141,46223.234410678364,20811.133905815885,25208.087977478586,60.882088983282244
874,42579.20015340141,46223.234410678364,20811.133905815885,25208.087977478586,60.882088983282244
875,42579.20015340141,46223.234410678364,20811.133905815885,25208.087977478586,60.882088983282244
876,42579.20015340141,46223.234410678364,20811.133905815885,25208.087977478586,60.882088983282244
877,42579.20015340141,46223.234410678364,20811.133905815885,25208.087977478586,60.882088983282244
878,42579.20015340141,46223.234410678364,20811.133905815885,25208.087977478586,60.882088983282244
879,42579.20015340141,46223.234410678364,20811.133905815885,25208.087977478586,60.882088983282244
880,42579.20015340141,46223.234410678364,20811.133905815885,25208.087977478586,60.882088983282244
881,42579.20015340141,46223.234410678364,20811.133905815885,25208.087977478586,60.882088983282244
882,42579.20015340141,46223.234410678364,20811.133905815885,25208.087977478586,60.882088983282244
883,42579.20015340141,46223.234410678364,20811.133905815885,25208.087977478586,60.882088983282244
884,42579.20015340141,46223.234410678364,20811.133905815885,25208.087977478586,60.882088983282244
885,42579.20015340141,46223.234410678364,20811.133905815885,25208.087977478586,60.882088983282244
886,42579.20015340141,46223.234410678364,20811.133905815885,25208.087977478586,60.882088983282244
887,42579.20015340141,46223.234410678364,20811.133905815885,25208.087977478586,60.882088983282244
888,42579.20015340141,46223.234410678364,20811.133905815885,25208.087977478586,60.882088983282244
889,42579.20015340141,46223.234410678364,20811.133905815885,25208.087977478586,60.882088983282244
890,42579.20015340141,46223.234410678364,20811.133905815885,25208.087977478586,60.882088983282244
891,42579.20015340141,46223.234410678364,20811.133905815885,25208.087977478586,60.882088983282244
892,42579.20015340141,46223.234410678364,20811.133905815885,25208.087977478586,60.882088983282244
893,42579.20015340141,46223.234410678364,20811.133905815885,25208.087977478586,60.882088983282244
894,42579.20015340141,46223.234410678364,20811.133905815885,25208.087977478586,60.882088983282244
895,42579.20015340141,46223.234410678364,20811.133905815885,25208.087977478586,60.882088983282244
896,42579.20015340141,46223.234410678364,20811.133905815885,25208.087977478586,60.882088983282244
897,42579.20015340141,46223.234410678364,20811.133905815885,25208.087977478586,60.882088983282244
898,42579.20015340141,46223.234410678364,20811.133905815885,25208.087977478586,60.882088983282244
899,42579.20015340141,46223.234410678364,20811.133905815885,25208.087977478586,60.882088983282244
900,42579.20015340141,46223.234410678364,20811.133905815885,25208.087977478586,60.882088983282244
901,42579.20015340141,46223.234410678364,20811.133905815885,25208.087977478586,60.882088983282244
902,42579.20015340141,46223.234410678364,20811.133905815885,25208.087977478586,60.882088983282244
903,42579.20015340141,46223.234410678364,20811.133905815885,25208.087977478586,60.882088983282244
904,42579.20015340141,46223.234410678364,20811.133905815885,25208.087977478586,60.882088983282244
905,42579.20015340141,46223.234410678364,20811.133905815885,25208.087977478586,60.882088983282244
906,42579.20015340141,46223.234410678364,20811.133905815885,25208.087977478586,60.882088983282244
907,42579.20015340141,46223.234410678364,20811.133905815885,25208.087977478586,60.882088983282244
908,42579.20015340141,46223.234410678364,20811.133905815885,25208.087977478586,60.882088983282244
909,42579.20015340141,46223.234410678364,20811.133905815885,25208.087977478586,60.882088983282244
910,42579.20015340141,46223.234410678364,20811.133905815885,25208.087977478586,60.882088983282244
911,42579.20015340141,46223.234410678364,20811.133905815885,25208.087977478586,60.882088983282244
912,42579.20015340141,46223.234410678364,20811.133905815885,25208.087977478586,60.882088983282244
913,42579.20015340141,46223.234410678364,20811.133905815885,25208.087977478586,60.882088983282244
914,42579.20015340141,46223.234410678364,20811.133905815885,25208.087977478586,60.882088983282244
915,42579.20015340141,46223.234410678364,20811.133905815885,25208.087977478586,60.882088983282244
916,42579.20015340141,46223.234410678364,20811.133905815885,25208.087977478586,60.882088983282244
917,42579.20015340141,46223.234410678364,20811.133905815885,25208.087977478586,60.882088983282244
918,42579.20015340141,46223.234410678364,20811.133905815885,25208.087977478586,60.882088983282244
919,42579.20015340141,46223.234410678364,20811.133905815885,25208.087977478586,60.882088983282244
920,42579.20015340141,46223.234410678364,20811.133905815885,25208.087977478586,60.882088983282244
921,42579.20015340141,46223.234410678364,20811.133905815885,25208.087977478586,60.882088983282244
922,42579.20015340141,46223.234410678364,20811.133905815885,25208.087977478586,60.882088983282244
923,42579.20015340141,46223.234410678364,20811.133905815885,25208.087977478586,60.882088983282244
924,42579.20015340141,46223.234410678364,20811.133905815885,25208.087977478586,60.882088983282244
925,42579.20015340141,46223.234410678364,20811.133905815885,25208.087977478586,60.882088983282244
926,42579.20015340141,46223.234410678364,20811.133905815885,25208.087977478586,60.882088983282244
927,42579.20015340141,46223.234410678364,20811.133905815885,25208.087977478586,60.882088983282244
928,42579.20015340141,46223.234410678364,20811.133905815885,25208.087977478586,60.882088983282244
929,42579.20015340141,46223.234410678364,20811.133905815885,25208.087977478586,60.882088983282244
930,42579.20015340141,46223.234410678364,20811.133905815885,25208.087977478586,60.882088983282244
931,42579.20015340141,46223.234410678364,20811.133905815885,25208.087977478586,60.882088983282244
932,42579.20015340141,46223.234410678364,20811.133905815885,25208.087977478586,60.882088983282244
933,42579.20015340141,46223.234410678364,20811.133905815885,25208.087977478586,60.882088983282244
934,42579.20015340141,46223.234410678364,20811.133905815885,25208.087977478586,60.882088983282244
935,42579.20015340141,46223.234410678364,20811.133905815885,25208.087977478586,60.882088983282244
936,42579.20015340141,46223.234410678364,20811.133905815885,25208.087977478586,60.882088983282244
937,42579.20015340141,46223.234410678364,20811.133905815885,25208.087977478586,60.882088983282244
938,42579.20015340141,46223.234410678364,20811.133905815885,25208.087977478586,60.882088983282244
939,42579.20015340141,46223.234410678364,20811.133905815885,25208.087977478586,60.882088983282244
940,42579.20015340141,46223.234410678364,20811.133905815885,25208.087977478586,60.882088983282244
941,42579.20015340141,46223.234410678364,20811.133905815885,25208.087977478586,60.882088983282244
942,42579.20015340141,46223.234410678364,20811.133905815885,25208.087977478586,60.882088983282244
943,42579.20015340141,46223.234410678364,20811.133905815885,25208.087977478586,60.882088983282244
944,42579.20015340141,46223.234410678364,20811.133905815885,25208.087977478586,60.882088983282244
945,42579.20015340141,46223.234410678364,20811.133905815885,25208.087977478586,60.882088983282244
946,42579.20015340141,46223.234410678364,20811.133905815885,25208.087977478586,60.882088983282244
947,42579.20015340141,46223.234410678364,20811.133905815885,25208.087977478586,60.882088983282244
948,42579.20015340141,46223.234410678364,20811.133905815885,25208.087977478586,60.882088983282244
949,42579.20015340141,46223.234410678364,20811.133905815885,25208.087977478586,60.882088983282244
950,42579.20015340141,46223.234410678364,20811.133905815885,25208.087977478586,60.882088983282244
951,42579.20015340141,46223.234410678364,20811.133905815885,25208.087977478586,60.882088983282244
952,42579.20015340141,46223.234410678364,20811.133905815885,25208.087977478586,60.882088983282244
953,42579.20015340141,46223.234410678364,20811.133905815885,25208.087977478586,60.882088983282244
954,42579.20015340141,46223.234410678364,20811.133905815885,25208.087977478586,60.882088983282244
955,42579.20015340141,46223.234410678364,20811.133905815885,25208.087977478586,60.882088983282244
956,42579.20015340141,46223.234410678364,20811.133905815885,25208.087977478586,60.882088983282244
957,42579.20015340141,46223.234410678364,20811.133905815885,25208.087977478586,60.882088983282244
958,42579.20015340141,46223.234410678364,20811.133905815885,25208.087977478586,60.882088983282244
959,42579.20015340141,46223.234410678364,20811.133905815885,25208.087977478586,60.882088983282244
960,42579.20015340141,46223.234410678364,20811.133905815885,25208.087977478586,60.882088983282244
961,42579.20015340141,46223.234410678364,20811.133905815885,25208.087977478586,60.882088983282244
962,42579.20015340141,46223.234410678364,20811.133905815885,25208.087977478586,60.882088983282244
963,42579.20015340141,46223.234410678364,20811.133905815885,25208.087977478586,60.882088983282244
964,42579.20015340141,46223.234410678364,20811.133905815885,25208.087977478586,60.882088983282244
965,42579.20015340141,46223.234410678364,20811.133905815885,25208.087977478586,60.882088983282244
966,42579.20015340141,46223.234410678364,20811.133905815885,25208.087977478586,60.882088983282244
967,42579.20015340141,46223.234410678364,20811.133905815885,25208.087977478586,60.882088983282244
968,42579.20015340141,46223.234410678364,20811.133905815885,25208.087977478586,60.882088983282244
969,42579.20015340141,46223.234410678364,20811.133905815885,25208.087977478586,60.882088983282244
970,42579.20015340141,46223.234410678364,20811.133905815885,25208.087977478586,60.882088983282244
971,42579.20015340141,46223.234410678364,20811.133905815885,25208.087977478586,60.882088983282244
972,42579.20015340141,46223.234410678364,20811.133905815885,25208.087977478586,60.882088983282244
973,42579.20015340141,46223.234410678364,20811.133905815885,25208.087977478586,60.882088983282244
974,42579.20015340141,46223.234410678364,20811.133905815885,25208.087977478586,60.882088983282244
975,42579.20015340141,46223.234410678364,20811.133905815885,25208.087977478586,60.882088983282244
976,42579.20015340141,46223.234410678364,20811.133905815885,25208.087977478586,60.882088983282244
977,42579.20015340141,46223.234410678364,20811.133905815885,25208.087977478586,60.882088983282244
978,42579.20015340141,46223.234410678364,20811.133905815885,25208.087977478586,60.882088983282244
979,42579.20015340141,46223.234410678364,20811.133905815885,25208.087977478586,60.882088983282244
980,42579.20015340141,46223.234410678364,20811.133905815885,25208.087977478586,60.882088983282244
981,42579.20015340141,46223.234410678364,20811.133905815885,25208.087977478586,60.882088983282244
982,42579.20015340141,46223.234410678364,20811.133905815885,25208.087977478586,60.882088983282244
983,42579.20015340141,46223.234410678364,20811.133905815885,25208.087977478586,60.882088983282244
984,42579.20015340141,46223.234410678364,20811.133905815885,25208.087977478586,60.882088983282244
985,42579.20015340141,46223.234410678364,20811.133905815885,25208.087977478586,60.882088983282244
986,42579.20015340141,46223.234410678364,20811.133905815885,25208.087977478586,60.882088983282244
987,42579.20015340141,46223.234410678364,20811.133905815885,25208.087977478586,60.882088983282244
988,42579.20015340141,46223.234410678364,20811.133905815885,25208.087977478586,60.882088983282244
989,42579.20015340141,46223.234410678364,20811.133905815885,25208.087977478586,60.882088983282244
990,42579.20015340141,46223.234410678364,20811.133905815885,25208.087977478586,60.882088983282244
991,42579.20015340141,46223.234410678364,20811.133905815885,25208.087977478586,60.882088983282244
992,42579.20015340141,46223.234410678364,20811.133905815885,25208.087977478586,60.882088983282244
993,42579.20015340141,46223.234410678364,20811.133905815885,25208.087977478586,60.882088983282244
994,42579.20015340141,46223.234410678364,20811.133905815885,25208.087977478586,60.882088983282244
995,42579.20015340141,46223.234410678364,20811.133905815885,25208.087977478586,60.882088983282244
996,42579.20015340141,46223.234410678364,20811.133905815885,25208.087977478586,60.882088983282244
997,42579.20015340141,46223.234410678364,20811.133905815885,25208.087977478586,60.882088983282244
998,42579.20015340141,46223.234410678364,20811.133905815885,25208.087977478586,60.882088983282244
999,42579.20015340141,46223.234410678364,20811.133905815885,25208.087977478586,60.882088983282244
